,id,hitSmiles,qrySmiles,qryMappedSmiles,hitMappedSmiles,atomMap,atomScore,anonIdx,mf,mw,dist,ecfp4,daylight,topodist,mces,tdn,tup,rdn,rup,ldn,lup,mut,maj,min,hyb,sub,name,smiles,query_index,query_smiles,catalogue,query_name,hits,hit_names,minimized_merger,unminimized_merger,custom_map
8871,Z4381165269,CCC1CCC(C(=O)O)N1CC2=CC=C3OCOC3=C2 Z4381165269,CCCOCC(OCc1ccc2c(c1)OCO2)S(=O)=O,[CH3:1][CH2:2][CH2:3][O:4][CH2:5][CH:6]([O:7][CH2:8][C:9]1=[CH:10][CH:11]=[C:12]2[C:13](=[CH:14]1)[O:15][CH2:16][O:17]2)[SH:18](=[O:19])=[O:20],[CH3:1][CH2:2][CH:3]1[CH2:4][CH2:5][CH:6]([C:18](=[O:19])[OH:20])[N:7]1[CH2:8][C:9]2=[CH:10][CH:11]=[C:12]3[O:17][CH2:16][O:15][C:13]3=[CH:14]2,"[0, 1, 2, 3, 4, 5, 9, 10, 11, 12, 13, 14, 18, 19, 17, 16, 15, 6, 7, 8]","[1, 1, 2, 5, 1, 1, 5, 1, 3, 5, 1, 1, 1, 1, 1, 1, 1, 1, 1, 1]",B22R3.5032382,C<sub>15</sub>H<sub>19</sub>NO<sub>4</sub>,277.316,5,0.3333333333333333,0.3333333333333333,1,21,0,0,0,1,0,0,3,3,0,1,1,Z4381165269:x1919_0AS6-D68EV3CPROA-x1140_0AS4,CCC1CCC(C(=O)O)N1CC2=CC=C3OCOC3=C2,245,CCCOCC(OCc1ccc2c(c1)OCO2)[SH](=O)=O,REAL-Database-22Q1.smi.anon,x1919_0AS6-D68EV3CPROA-x1140_0AS4,"[<rdkit.Chem.rdchem.Mol object at 0x163c6dd00>, <rdkit.Chem.rdchem.Mol object at 0x163c6dd50>]","['x1919_0AS6', 'D68EV3CPROA-x1140_0AS4']",<rdkit.Chem.rdchem.Mol object at 0x168009d50>,<rdkit.Chem.rdchem.Mol object at 0x1684aeac0>,"{'x1919_0AS6': {0: 6, 1: 7, 2: 8, 3: 5, 4: 4, 5: 3, 6: 2, 7: 1, 8: 0}, 'D68EV3CPROA-x1140_0AS4': {0: 11, 1: 12, 2: 19, 3: 13, 4: 18, 5: 14, 6: 17, 7: 15, 8: 16}}"
5242,Z3334263699,CCS(=O)(=O)NC1=CC=CC([C@@H](C)N)=C1 Z3334263699,CCS(=O)(=Nc1cccc(C(N)=O)c1)NC,[CH3:1][CH2:2][S:3](=[O:4])(=[N:5][C:6]1=[CH:7][CH:8]=[CH:9][C:10]([C:11]([NH2:12])=[O:13])=[CH:14]1)[NH:15]C,[CH3:1][CH2:2][S:3](=[O:4])(=[O:15])[NH:5][C:6]1=[CH:7][CH:8]=[CH:9][C:10]([C@@H:11]([CH3:13])[NH2:12])=[CH:14]1,"[0, 1, 2, 3, 5, 6, 7, 8, 9, 10, 11, 13, 12, 14, 4, -1]","[1, 1, 1, 1, 5, 3, 1, 1, 1, 1, 1, 3, 5, 1, 1]",B15R1.20761,C<sub>10</sub>H<sub>16</sub>N<sub>2</sub>O<sub>2</sub>S,228.313,5,0.25,0.375,1,15,1,0,0,0,0,0,2,2,0,2,0,Z3334263699:x0771_1AS1-D68EV3CPROA-x1140_0AS3,CCS(=O)(=O)NC1=CC=CC([C@@H](C)N)=C1,164,CCS(=O)(=Nc1cccc(C(N)=O)c1)NC,REAL-Database-22Q1.smi.anon,x0771_1AS1-D68EV3CPROA-x1140_0AS3,"[<rdkit.Chem.rdchem.Mol object at 0x163c91fd0>, <rdkit.Chem.rdchem.Mol object at 0x167fda020>]","['x0771_1AS1', 'D68EV3CPROA-x1140_0AS3']",<rdkit.Chem.rdchem.Mol object at 0x168008590>,<rdkit.Chem.rdchem.Mol object at 0x16871d170>,"{'x0771_1AS1': {0: 13, 1: 11, 2: 12, 3: 10, 4: 14, 5: 6, 6: 7, 7: 8, 8: 9}, 'D68EV3CPROA-x1140_0AS3': {0: -1, 1: 4, 2: 2, 3: 1, 4: 5, 5: 3, 6: 0}}"
6554,Z1436911588,CC(CCC1=CC=C2OCOC2=C1)NCCC3=CC=CC=C3 Z1436911588,CCS(=O)(=NCCc1cccnc1)NCc2ccc3c(c2)OCO3,C[CH2:2][S:3](=O)(=[N:5][CH2:6][CH2:7][C:8]1=[CH:9][CH:10]=[CH:11][N:12]=[CH:13]1)[NH:14][CH2:15][C:16]2=[CH:17][CH:18]=[C:19]3[C:20](=[CH:21]2)[O:22][CH2:23][O:24]3,[CH3:2][CH:3]([CH2:14][CH2:15][C:16]1=[CH:17][CH:18]=[C:19]2[O:24][CH2:23][O:22][C:20]2=[CH:21]1)[NH:5][CH2:6][CH2:7][C:8]3=[CH:9][CH:10]=[CH:11][CH:12]=[CH:13]3,"[-1, 0, 1, -1, 13, 14, 15, 16, 17, 18, 19, 20, 21, 2, 3, 4, 5, 6, 7, 11, 12, 10, 9, 8]","[2, 5, 5, 1, 1, 1, 1, 1, 1, 1, 1, 1, 1, 3, 1, 1, 1, 1, 1, 1, 5, 1]",B24R3.67430901,C<sub>19</sub>H<sub>23</sub>NO<sub>2</sub>,297.392,6,0.3088235294117647,0.3,2,24,2,0,0,0,0,0,3,3,0,1,1,Z1436911588:x1919_0AS2-D68EV3CPROA-x0980_0BS5,CC(CCC1=CC=C2OCOC2=C1)NCCC3=CC=CC=C3,192,CCS(=O)(=NCCc1cccnc1)NCc1ccc2c(c1)OCO2,REAL-Database-22Q1.smi.anon,x1919_0AS2-D68EV3CPROA-x0980_0BS5,"[<rdkit.Chem.rdchem.Mol object at 0x163ca66b0>, <rdkit.Chem.rdchem.Mol object at 0x167fdb420>]","['x1919_0AS2', 'D68EV3CPROA-x0980_0BS5']",<rdkit.Chem.rdchem.Mol object at 0x168008d60>,<rdkit.Chem.rdchem.Mol object at 0x1684adad0>,"{'x1919_0AS2': {0: -1, 1: 0, 2: 1, 3: 2, 4: -1, 5: 13, 6: 3, 7: 4, 8: 12, 9: 5, 10: 11, 11: 6, 12: 7, 13: 10, 14: 8, 15: 9}, 'D68EV3CPROA-x0980_0BS5': {0: 17, 1: 18, 2: 16, 3: 19, 4: 21, 5: 20}}"
5786,Z2439776406,CC(NS(C)(=O)=O)C(=O)N1CCC(N)CC1 Z2439776406,CC1CCN(C(=O)CNS(C)(=O)=O)CC1,[CH3:1][CH:2]1[CH2:3][CH2:4][N:5]([C:6](=[O:7])[CH2:8][NH:9][S:10]([CH3:11])(=[O:12])=[O:13])[CH2:14][CH2:15]1,C[CH:8]([NH:9][S:10]([CH3:11])(=[O:12])=[O:13])[C:6](=[O:7])[N:5]1[CH2:4][CH2:3][CH:2]([NH2:1])[CH2:15][CH2:14]1,"[13, 12, 11, 10, 9, 7, 8, 1, 2, 3, 4, 5, 6, 15, 14]","[6, 2, 1, 1, 1, 1, 1, 1, 1, 1, 1, 1, 1, 5, 1, 1]",B16R1.731,C<sub>9</sub>H<sub>19</sub>N<sub>3</sub>O<sub>3</sub>S,249.332,2,0.3958333333333333,0.8805970149253731,1,15,0,1,0,0,0,0,1,1,0,0,1,Z2439776406:x1071_0A-D68EV3CPROA-x1052_1AS2,CC(NS(C)(=O)=O)C(=O)N1CCC(N)CC1,177,CC1CCN(C(=O)CNS(C)(=O)=O)CC1,REAL-Database-22Q1.smi.anon,x1071_0A-D68EV3CPROA-x1052_1AS2,"[<rdkit.Chem.rdchem.Mol object at 0x163c928e0>, <rdkit.Chem.rdchem.Mol object at 0x167fcfe70>]","['x1071_0A', 'D68EV3CPROA-x1052_1AS2']",<rdkit.Chem.rdchem.Mol object at 0x1680088b0>,<rdkit.Chem.rdchem.Mol object at 0x167fed4e0>,"{'x1071_0A': {0: 2, 1: 4, 2: 6, 3: 1, 4: 7, 5: 15, 6: 14, 7: 12, 8: 11, 9: 10, 10: 9, 11: 5, 12: 8, 13: 3}, 'D68EV3CPROA-x1052_1AS2': {7: 13}}"
8501,Z3621355009,COCCN(C)S(=O)(=O)NCCC1CC(C)(C)NC1=O Z3621355009,COCCN(C)S(N)(=O)=NCCC1=COC(C)(C)OC1=O,[CH3:1][O:2][CH2:3][CH2:4][N:5]([CH3:6])[S:7]([NH2:8])(=[O:9])=[N:10][CH2:11][CH2:12][C:13]1=[CH:14]O[C:16]([CH3:17])([CH3:18])[O:19][C:20]1=[O:21],[CH3:1][O:2][CH2:3][CH2:4][N:5]([CH3:6])[S:7](=[O:8])(=[O:9])[NH:10][CH2:11][CH2:12][CH:13]1[CH2:14][C:16]([CH3:17])([CH3:18])[NH:19][C:20]1=[O:21],"[0, 1, 2, 3, 4, 5, 6, 7, 8, 9, 10, 11, 12, 13, -1, 14, 15, 16, 17, 18, 19]","[1, 1, 1, 1, 1, 1, 1, 5, 1, 3, 1, 1, 3, 3, 1, 1, 1, 5, 1, 1]",B20R1.7294747,C<sub>12</sub>H<sub>25</sub>N<sub>3</sub>O<sub>4</sub>S,307.411,6,0.29333333333333333,0.24867724867724866,1,20,0,0,0,0,1,0,2,2,0,3,0,Z3621355009:x2021_0AS4-D68EV3CPROA-x1604_0AS1,COCCN(C)S(=O)(=O)NCCC1CC(C)(C)NC1=O,238,COCCN(C)S(N)(=O)=NCCC1=COC(C)(C)OC1=O,REAL-Database-22Q1.smi.anon,x2021_0AS4-D68EV3CPROA-x1604_0AS1,"[<rdkit.Chem.rdchem.Mol object at 0x167fed6c0>, <rdkit.Chem.rdchem.Mol object at 0x163ca5670>]","['x2021_0AS4', 'D68EV3CPROA-x1604_0AS1']",<rdkit.Chem.rdchem.Mol object at 0x168009bc0>,<rdkit.Chem.rdchem.Mol object at 0x1684ae890>,"{'x2021_0AS4': {0: 7, 1: 6, 2: 9, 3: 8, 4: 4, 5: 3, 6: 5, 7: 2, 8: 1, 9: 0}, 'D68EV3CPROA-x1604_0AS1': {0: 15, 1: 17, 2: 14, 3: 16, 4: 18, 5: 12, 6: 13, 7: 19, 8: -1}}"
8258,Z2705259429,CCS(=O)(=O)NCCC1=CN=CC=C1OC Z2705259429,CS(N)(=O)=NCCc1cnccc1C=O,[CH3:1][S:2]([NH2:3])(=[O:4])=[N:5][CH2:6][CH2:7][C:8]1=[CH:9][N:10]=[CH:11][CH:12]=[C:13]1[CH:14]=[O:15],C[CH2:1][S:2](=[O:3])(=[O:4])[NH:5][CH2:6][CH2:7][C:8]1=[CH:9][N:10]=[CH:11][CH:12]=[C:13]1[O:14][CH3:15],"[1, 2, 3, 4, 5, 6, 7, 8, 9, 10, 11, 12, 13, 14, 15]","[6, 2, 1, 5, 1, 3, 1, 1, 1, 1, 1, 1, 1, 1, 5, 5]",B16R1.73845,C<sub>10</sub>H<sub>16</sub>N<sub>2</sub>O<sub>3</sub>S,244.312,5,0.27419354838709675,0.36666666666666664,1,15,0,1,0,0,0,0,3,3,0,1,1,Z2705259429:x1084_0AS3-D68EV3CPROA-x0980_0BS1,CCS(=O)(=O)NCCC1=CN=CC=C1OC,232,CS(N)(=O)=NCCc1cnccc1C=O,REAL-Database-22Q1.smi.anon,x1084_0AS3-D68EV3CPROA-x0980_0BS1,"[<rdkit.Chem.rdchem.Mol object at 0x163ca5170>, <rdkit.Chem.rdchem.Mol object at 0x167fed210>]","['x1084_0AS3', 'D68EV3CPROA-x0980_0BS1']",<rdkit.Chem.rdchem.Mol object at 0x1680098f0>,<rdkit.Chem.rdchem.Mol object at 0x1684ae6b0>,"{'x1084_0AS3': {0: 3, 1: 2, 2: 4, 3: 5, 4: 1}, 'D68EV3CPROA-x0980_0BS1': {0: 14, 1: 15, 2: 13, 3: 12, 4: 8, 5: 11, 6: 9, 7: 10}}"
7818,Z2705259033,CCCCN(C)S(=O)(=O)NCCC1=CN=CC=C1OC Z2705259033,CNS(=O)(=NCCc1cnccc1C=O)N(C)CCOC,C[NH:2][S:3](=[O:4])(=[N:5][CH2:6][CH2:7][C:8]1=[CH:9][N:10]=[CH:11][CH:12]=[C:13]1[CH:14]=[O:15])[N:16]([CH3:17])[CH2:18][CH2:19][O:20][CH3:21],[CH3:21][CH2:20][CH2:19][CH2:18][N:16]([CH3:17])[S:3](=[O:2])(=[O:4])[NH:5][CH2:6][CH2:7][C:8]1=[CH:9][N:10]=[CH:11][CH:12]=[C:13]1[O:14][CH3:15],"[-1, 7, 6, 8, 9, 10, 11, 12, 13, 14, 15, 16, 17, 18, 19, 4, 5, 3, 2, 1, 0]","[1, 5, 1, 1, 1, 1, 1, 5, 1, 3, 1, 1, 1, 1, 1, 1, 1, 1, 5, 5]",B20R1.57184,C<sub>13</sub>H<sub>23</sub>N<sub>3</sub>O<sub>3</sub>S,301.407,6,0.3246753246753247,0.3815028901734104,1,20,1,0,0,0,0,0,4,4,0,1,0,Z2705259033:x2021_0AS7-D68EV3CPROA-x0980_0BS1,CCCCN(C)S(=O)(=O)NCCC1=CN=CC=C1OC,222,CNS(=O)(=NCCc1cnccc1C=O)N(C)CCOC,REAL-Database-22Q1.smi.anon,x2021_0AS7-D68EV3CPROA-x0980_0BS1,"[<rdkit.Chem.rdchem.Mol object at 0x163ca4a40>, <rdkit.Chem.rdchem.Mol object at 0x163ca4a90>]","['x2021_0AS7', 'D68EV3CPROA-x0980_0BS1']",<rdkit.Chem.rdchem.Mol object at 0x168009710>,<rdkit.Chem.rdchem.Mol object at 0x1684ae3e0>,"{'x2021_0AS7': {0: -1, 1: 7, 2: 6, 3: 8, 4: 9, 5: 4, 6: 3, 7: 5, 8: 2, 9: 1, 10: 0}, 'D68EV3CPROA-x0980_0BS1': {0: 18, 1: 19, 2: 17, 3: 16, 4: 12, 5: 15, 6: 13, 7: 14}}"
17109,Z1822676944,CCC(O)(CC)CCNC1=CN=CC2=NN=CN12 Z1822676944,CCS(=O)(=NCCc1cncc2nncn12)NC,[CH3:1][CH2:2][S:3](=[O:4])(=[N:5][CH2:6][CH2:7][C:8]1=[CH:9][N:10]=[CH:11][C:12]2=[N:13][N:14]=[CH:15][N:16]12)[NH:17][CH3:18],[CH3:1][CH2:2][C:3]([OH:4])([CH2:17][CH3:18])[CH2:5][CH2:6][NH:7][C:8]1=[CH:9][N:10]=[CH:11][C:12]2=[N:13][N:14]=[CH:15][N:16]12,"[0, 1, 2, 3, 6, 7, 8, 9, 10, 11, 12, 13, 14, 15, 16, 17, 4, 5]","[1, 1, 5, 3, 5, 1, 5, 1, 5, 1, 1, 1, 1, 1, 1, 1, 1, 1]",B19R2.1198459,C<sub>12</sub>H<sub>19</sub>N<sub>5</sub>O,249.313,5,0.34375,0.28426395939086296,0,19,0,0,0,0,0,0,4,4,0,1,0,Z1822676944:x1919_0AS11-D68EV3CPROA-x0147_0A,CCC(O)(CC)CCNC1=CN=CC2=NN=CN12,431,CCS(=O)(=NCCc1cncc2nncn12)NC,REAL-Database-22Q1.smi.anon,x1919_0AS11-D68EV3CPROA-x0147_0A,"[<rdkit.Chem.rdchem.Mol object at 0x167ff9490>, <rdkit.Chem.rdchem.Mol object at 0x167ff94e0>]","['x1919_0AS11', 'D68EV3CPROA-x0147_0A']",<rdkit.Chem.rdchem.Mol object at 0x1684c9350>,<rdkit.Chem.rdchem.Mol object at 0x16872a160>,"{'x1919_0AS11': {0: -1, 1: -1, 2: -1, 3: -1, 4: -1, 5: -1, 6: -1}, 'D68EV3CPROA-x0147_0A': {0: -1, 1: -1, 2: -1, 3: -1, 4: -1, 5: -1, 6: -1, 7: -1, 8: -1}}"
12295,Z241734188,O=S(=O)(CC1=CC=C(F)C=C1)NCCC2=NN=C3C=CC=CN23 Z241734188,CS(=O)(=NCCc1nnc2cnccn12)Nc3ccc(CN)cc3,[CH3:1][S:2](=[O:3])(=[N:4][CH2:5][CH2:6][C:7]1=[N:8][N:9]=[C:10]2[CH:11]=[N:12][CH:13]=[CH:14][N:15]12)[NH:16][C:17]3=[CH:18][CH:19]=[C:20]([CH2:21]N)[CH:23]=[CH:24]3,[O:1]=[S:2](=[O:3])([CH2:16][C:17]1=[CH:18][CH:19]=[C:20]([F:21])[CH:23]=[CH:24]1)[NH:4][CH2:5][CH2:6][C:7]2=[N:8][N:9]=[C:10]3[CH:11]=[CH:12][CH:13]=[CH:14][N:15]23,"[0, 1, 2, 11, 12, 13, 14, 15, 16, 17, 18, 19, 20, 21, 22, 3, 4, 5, 6, 7, 8, -1, 9, 10]","[5, 1, 1, 5, 1, 1, 1, 1, 5, 1, 1, 3, 1, 1, 1, 1, 1, 1, 1, 5, 1, 1, 1]",B25R3.960495,C<sub>15</sub>H<sub>15</sub>FN<sub>4</sub>O<sub>2</sub>S,334.370,6,0.3076923076923077,0.35564853556485354,1,25,1,0,0,0,0,0,4,4,0,1,0,Z241734188:x1084_0A-D68EV3CPROA-x0147_0A,O=S(=O)(CC1=CC=C(F)C=C1)NCCC2=NN=C3C=CC=CN23,324,CS(=O)(=NCCc1nnc2cnccn12)Nc1ccc(CN)cc1,REAL-Database-22Q1.smi.anon,x1084_0A-D68EV3CPROA-x0147_0A,"[<rdkit.Chem.rdchem.Mol object at 0x167fe14e0>, <rdkit.Chem.rdchem.Mol object at 0x167fd9530>]","['x1084_0A', 'D68EV3CPROA-x0147_0A']",<rdkit.Chem.rdchem.Mol object at 0x16800b4c0>,<rdkit.Chem.rdchem.Mol object at 0x1684f0220>,"{'x1084_0A': {0: -1, 1: -1, 2: -1, 3: -1, 4: -1, 5: -1, 6: -1, 7: -1, 8: -1, 9: -1, 10: -1, 11: -1, 12: -1}, 'D68EV3CPROA-x0147_0A': {0: -1, 1: -1, 2: -1, 3: -1, 4: -1, 5: -1, 6: -1, 7: -1, 8: -1}}"
5855,Z4378851494,CCCOC1=CC=CC(CN2C=C(CCCC(=O)O)N=N2)=C1 Z4378851494,CCNCc1cccc(Cc2cc(C(=O)NCC(=O)OC)no2)c1,[CH3:1][CH2:2][NH:3][CH2:4][C:5]1=[CH:6][CH:7]=[CH:8][C:9]([CH2:10][C:11]2=[CH:12][C:13]([C:14](=O)[NH:16][CH2:17][C:18](=[O:19])[O:20]C)=[N:22][O:23]2)=[CH:24]1,[CH3:1][CH2:2][CH2:3][O:4][C:5]1=[CH:6][CH:7]=[CH:8][C:9]([CH2:10][N:11]2[CH:12]=[C:13]([CH2:14][CH2:16][CH2:17][C:18](=[O:19])[OH:20])[N:22]=[N:23]2)=[CH:24]1,"[0, 1, 2, 3, 4, 5, 6, 7, 8, 9, 10, 11, 12, 13, -1, 14, 15, 16, 17, 18, -1, 19, 20, 21]","[1, 1, 5, 5, 1, 1, 1, 1, 1, 1, 5, 1, 1, 3, 5, 1, 1, 1, 2, 1, 5, 1]",B23R2.7362844,C<sub>16</sub>H<sub>21</sub>N<sub>3</sub>O<sub>3</sub>,303.357,8,0.18181818181818182,0.16967509025270758,2,23,2,0,0,0,0,0,5,5,0,1,1,Z4378851494:x0130_0AS3-D68EV3CPROA-x1052_1A,CCCOC1=CC=CC(CN2C=C(CCCC(=O)O)N=N2)=C1,178,CCNCc1cccc(Cc2cc(C(=O)NCC(=O)OC)no2)c1,REAL-Database-22Q1.smi.anon,x0130_0AS3-D68EV3CPROA-x1052_1A,"[<rdkit.Chem.rdchem.Mol object at 0x167fda930>, <rdkit.Chem.rdchem.Mol object at 0x167fda980>]","['x0130_0AS3', 'D68EV3CPROA-x1052_1A']",<rdkit.Chem.rdchem.Mol object at 0x168008900>,<rdkit.Chem.rdchem.Mol object at 0x16871d580>,"{'x0130_0AS3': {0: 2, 1: 0, 2: 1, 3: 21, 4: 3, 5: 4, 6: 5, 7: 6, 8: 7, 9: 8}, 'D68EV3CPROA-x1052_1A': {0: 14, 1: -1, 2: 18, 3: 16, 4: 15, 5: 13, 6: 12, 7: 11, 8: 10, 9: 9, 10: 19, 11: 17, 12: -1, 13: 20}}"
6388,PV-005747146542,CCN(CC1=CC=CC(C(N)=O)=C1)CC2=CC3=C(C=N2)OCO3 PV-005747146542,CCS(=O)(=Nc1cccc(C(N)=O)c1)NCc2ccc3c(c2)OCO3,[CH3:1][CH2:2][S:3](=O)(=[N:5][C:6]1=[CH:7][CH:8]=[CH:9][C:10]([C:11]([NH2:12])=[O:13])=[CH:14]1)N[CH2:16][C:17]2=[CH:18][CH:19]=[C:20]3[C:21](=[CH:22]2)[O:23][CH2:24][O:25]3,[CH3:1][CH2:2][N:3]([CH2:5][C:6]1=[CH:7][CH:8]=[CH:9][C:10]([C:11]([NH2:12])=[O:13])=[CH:14]1)[CH2:16][C:17]2=[CH:22][C:21]3=[C:20]([CH:19]=[N:18]2)[O:25][CH2:24][O:23]3,"[0, 1, 2, -1, 3, 4, 5, 6, 7, 8, 9, 10, 11, 12, -1, 13, 14, 19, 18, 17, 16, 15, 22, 21, 20]","[1, 1, 5, 5, 1, 1, 1, 1, 1, 1, 1, 1, 1, 1, 1, 1, 1, 1, 1, 5, 1, 1, 1]",B25R3.13723515,C<sub>17</sub>H<sub>19</sub>N<sub>3</sub>O<sub>3</sub>,313.352,5,0.3783783783783784,0.29583333333333334,2,25,1,0,0,0,1,0,3,3,0,0,0,PV-005747146542:x0771_1AS1-D68EV3CPROA-x1140_0A,CCN(CC1=CC=CC(C(N)=O)=C1)CC2=CC3=C(C=N2)OCO3,189,CCS(=O)(=Nc1cccc(C(N)=O)c1)NCc1ccc2c(c1)OCO2,REAL-Database-22Q1.smi.anon,x0771_1AS1-D68EV3CPROA-x1140_0A,"[<rdkit.Chem.rdchem.Mol object at 0x167fe3150>, <rdkit.Chem.rdchem.Mol object at 0x167fdb1a0>]","['x0771_1AS1', 'D68EV3CPROA-x1140_0A']",<rdkit.Chem.rdchem.Mol object at 0x168008c70>,<rdkit.Chem.rdchem.Mol object at 0x1684ad9e0>,"{'x0771_1AS1': {0: 10, 1: 9, 2: 11, 3: 8, 4: 12, 5: 4, 6: 5, 7: 6, 8: 7}, 'D68EV3CPROA-x1140_0A': {0: -1, 1: 0, 2: 3, 3: 1, 4: 13, 5: 14, 6: 19, 7: 18, 8: 17, 9: 21, 10: 16, 11: 15, 12: -1, 13: 20, 14: 22, 15: 2}}"
15168,PV-003607707987,O=C1NN(C2=CC=NN=C2)C(=O)C3=CC=CC=C13 PV-003607707987,O=Cn1c(-c2cccnc2)cc(=O)c3ccccc31,[O:1]=C[N:3]1[C:4]([C:5]2=[CH:6][CH:7]=[CH:8][N:9]=[CH:10]2)=[CH:11][C:12](=[O:13])[C:14]3=[CH:15][CH:16]=[CH:17][CH:18]=[C:19]31,[O:13]=[C:12]1[NH:11][N:4]([C:5]2=[CH:6][CH:7]=[N:8][N:9]=[CH:10]2)[C:3](=[O:1])[C:19]3=[CH:18][CH:17]=[CH:16][CH:15]=[C:14]13,"[11, -1, 10, 3, 4, 5, 6, 7, 8, 9, 2, 1, 0, 17, 16, 15, 14, 13, 12]","[1, 1, 5, 5, 1, 1, 1, 5, 1, 1, 5, 1, 1, 1, 1, 1, 1, 1]",B20R3.185251,C<sub>12</sub>H<sub>8</sub>N<sub>4</sub>O<sub>2</sub>,240.218,5,0.22950819672131148,0.23529411764705882,1,20,0,0,0,0,1,0,4,4,0,0,0,PV-003607707987:x2099_0A-D68EV3CPROA-x0980_0BS1,O=C1NN(C2=CC=NN=C2)C(=O)C3=CC=CC=C13,386,O=Cn1c(-c2cccnc2)cc(=O)c2ccccc21,REAL-Database-22Q1.smi.anon,x2099_0A-D68EV3CPROA-x0980_0BS1,"[<rdkit.Chem.rdchem.Mol object at 0x167fe3a10>, <rdkit.Chem.rdchem.Mol object at 0x167ffb9c0>]","['x2099_0A', 'D68EV3CPROA-x0980_0BS1']",<rdkit.Chem.rdchem.Mol object at 0x1684c86d0>,<rdkit.Chem.rdchem.Mol object at 0x1684f1490>,"{'x2099_0A': {0: -1, 1: -1, 2: -1, 3: -1, 4: -1, 5: -1, 6: -1, 7: -1, 8: -1, 9: -1, 10: -1, 11: -1, 12: -1, 13: -1, 14: -1, 15: -1, 16: -1}, 'D68EV3CPROA-x0980_0BS1': {0: -1, 1: -1}}"
5053,Z4608969711,CCCOCCS(=O)(=O)NCCCC1=CC(C)=NO1 Z4608969711,CCCOCCS(N)(=O)=NCCNc1cnns1,[CH3:1][CH2:2][CH2:3][O:4][CH2:5][CH2:6][S:7]([NH2:8])(=[O:9])=[N:10][CH2:11][CH2:12][NH:13][C:14]1=[CH:15][N:16]=[N:17][S:18]1,[CH3:1][CH2:2][CH2:3][O:4][CH2:5][CH2:6][S:7](=[O:8])(=[O:9])[NH:10][CH2:11][CH2:12][CH2:13][C:14]1=[CH:15][C:16](C)=[N:17][O:18]1,"[0, 1, 2, 3, 4, 5, 6, 7, 8, 9, 10, 11, 12, 13, 14, 15, 17, 18]","[1, 1, 1, 1, 1, 1, 1, 5, 1, 3, 1, 1, 5, 1, 1, 5, 6, 1, 4]",B19R1.337792,C<sub>12</sub>H<sub>22</sub>N<sub>2</sub>O<sub>4</sub>S,290.381,6,0.29411764705882354,0.20952380952380953,1,18,0,1,0,0,0,0,4,3,1,1,0,Z4608969711:x1919_0AS4-D68EV3CPROA-x0789_0AS1,CCCOCCS(=O)(=O)NCCCC1=CC(C)=NO1,155,CCCOCCS(N)(=O)=NCCNc1cnns1,REAL-Database-22Q1.smi.anon,x1919_0AS4-D68EV3CPROA-x0789_0AS1,"[<rdkit.Chem.rdchem.Mol object at 0x167fd9d00>, <rdkit.Chem.rdchem.Mol object at 0x163c91d50>]","['x1919_0AS4', 'D68EV3CPROA-x0789_0AS1']",<rdkit.Chem.rdchem.Mol object at 0x1680083b0>,<rdkit.Chem.rdchem.Mol object at 0x167fecf90>,"{'x1919_0AS4': {0: 7, 1: 6, 2: 8, 3: 9, 4: 5, 5: 4, 6: 3, 7: 2, 8: 1, 9: 0}, 'D68EV3CPROA-x0789_0AS1': {0: 12, 1: 13, 2: 14, 3: 18, 4: 15, 5: 17}}"
12022,PV-005576948633,CC1=CC=CC(C(=O)NC[C@H]2CCCN(C(=O)CNS(C)(=O)=O)C2)=C1 PV-005576948633,Cc1cccc(NCOC2CCCN(C(=O)CNS(C)(=O)=O)C2)n1,[CH3:1][C:2]1=[CH:3][CH:4]=[CH:5][C:6]([NH:7][CH2:8][O:9][CH:10]2[CH2:11][CH2:12][CH2:13][N:14]([C:15](=[O:16])[CH2:17][NH:18][S:19]([CH3:20])(=[O:21])=[O:22])[CH2:23]2)=[N:24]1,[CH3:1][C:2]1=[CH:3][CH:4]=[CH:5][C:6]([C:7](=O)[NH:8][CH2:9][C@H:10]2[CH2:11][CH2:12][CH2:13][N:14]([C:15](=[O:16])[CH2:17][NH:18][S:19]([CH3:20])(=[O:21])=[O:22])[CH2:23]2)=[CH:24]1,"[0, 1, 2, 3, 4, 5, 6, 8, 9, 10, 11, 12, 13, 14, 15, 16, 17, 18, 19, 20, 21, 22, 23, 24]","[1, 1, 1, 1, 1, 1, 5, 6, 5, 5, 1, 1, 1, 1, 1, 1, 1, 1, 1, 1, 1, 1, 1, 1, 5]",B26R2.546494783,C<sub>17</sub>H<sub>25</sub>N<sub>3</sub>O<sub>4</sub>S,367.465,5,0.47368421052631576,0.37435897435897436,1,25,0,1,0,0,0,0,4,4,0,0,0,PV-005576948633:x1071_0A-D68EV3CPROA-x1247_0AS2,CC1=CC=CC(C(=O)NC[C@H]2CCCN(C(=O)CNS(C)(=O)=O)C2)=C1,319,Cc1cccc(NCOC2CCCN(C(=O)CNS(C)(=O)=O)C2)n1,REAL-Database-22Q1.smi.anon,x1071_0A-D68EV3CPROA-x1247_0AS2,"[<rdkit.Chem.rdchem.Mol object at 0x167fd91c0>, <rdkit.Chem.rdchem.Mol object at 0x167fe1210>]","['x1071_0A', 'D68EV3CPROA-x1247_0AS2']",<rdkit.Chem.rdchem.Mol object at 0x16800b330>,<rdkit.Chem.rdchem.Mol object at 0x1684f0040>,"{'x1071_0A': {0: 18, 1: 20, 2: 22, 3: 17, 4: 15, 5: 13, 6: 12, 7: 11, 8: 10, 9: 23, 10: 14, 11: 21, 12: 16, 13: 19}, 'D68EV3CPROA-x1247_0AS2': {0: 6, 1: 5, 2: 4, 3: 24, 4: 3, 5: 1, 6: 2, 7: 0}}"
17263,PV-007085270018,CC1=CC(C2=CC=CC=C2CN3CCN(C)CC3)=NC4=CC=CC=C14 PV-007085270018,CC1CCN(Oc2ncccc2-c3cc(=O)c4ccccc4[nH]3)C1,[CH3:1][CH:2]1[CH2:3][CH2:4][N:5]([O:6][C:7]2=[N:8][CH:9]=[CH:10][CH:11]=[C:12]2[C:13]3=[CH:14][C:15](=[O:16])[C:17]4=[CH:18][CH:19]=[CH:20][CH:21]=[C:22]4[NH:23]3)[CH2:24]1,[CH3:16][C:15]1=[CH:14][C:13]([C:12]2=[CH:11][CH:10]=[CH:9][CH:8]=[C:7]2[CH2:6][N:5]3[CH2:24]C[N:2]([CH3:1])[CH2:3][CH2:4]3)=[N:23][C:22]4=[CH:21][CH:20]=[CH:19][CH:18]=[C:17]14,"[15, 14, 16, 17, 11, 10, 9, 8, 7, 6, 5, 4, 3, 2, 1, 0, 24, 23, 22, 21, 20, 19, 18, 12]","[5, 1, 1, 1, 1, 1, 1, 1, 5, 1, 5, 1, 1, 6, 5, 1, 1, 1, 3, 1, 1, 1, 1, 1, 1]",B28R4.90812980,C<sub>22</sub>H<sub>25</sub>N<sub>3</sub>,331.455,6,0.11904761904761904,0.17973856209150327,1,27,0,0,0,0,0,1,4,4,0,1,0,PV-007085270018:x2099_0A-D68EV3CPROA-x0789_0AS3,CC1=CC(C2=CC=CC=C2CN3CCN(C)CC3)=NC4=CC=CC=C14,434,CC1CCN(Oc2ncccc2-c2cc(=O)c3ccccc3[nH]2)C1,REAL-Database-22Q1.smi.anon,x2099_0A-D68EV3CPROA-x0789_0AS3,"[<rdkit.Chem.rdchem.Mol object at 0x167ff9670>, <rdkit.Chem.rdchem.Mol object at 0x167ff96c0>]","['x2099_0A', 'D68EV3CPROA-x0789_0AS3']",<rdkit.Chem.rdchem.Mol object at 0x168009440>,<rdkit.Chem.rdchem.Mol object at 0x1684ca250>,"{'x2099_0A': {0: -1, 1: -1, 2: -1, 3: -1, 4: -1, 5: -1, 6: -1, 7: -1, 8: -1, 9: -1, 10: -1, 11: -1, 12: -1, 13: -1, 14: -1, 15: -1, 16: -1}, 'D68EV3CPROA-x0789_0AS3': {0: -1, 1: -1, 2: -1, 3: -1, 4: -1, 5: -1}}"
16362,Z755016632,O=C(CCCOC1=CC(F)=CC=C1)NCC2=CC=C3OCOC3=C2 Z755016632,CCS(=O)(=NCCNc1cc(F)ccc1C)NCc2ccc3c(c2)OCO3,CC[S:3](=[O:4])(=[N:5][CH2:6][CH2:7][NH:8][C:9]1=[CH:10][C:11]([F:12])=[CH:13][CH:14]=[C:15]1C)[NH:17][CH2:18][C:19]2=[CH:20][CH:21]=[C:22]3[C:23](=[CH:24]2)[O:25][CH2:26][O:27]3,[O:4]=[C:3]([CH2:5][CH2:6][CH2:7][O:8][C:9]1=[CH:10][C:11]([F:12])=[CH:13][CH:14]=[CH:15]1)[NH:17][CH2:18][C:19]2=[CH:20][CH:21]=[C:22]3[O:27][CH2:26][O:25][C:23]3=[CH:24]2,"[-1, -1, 1, 0, 2, 3, 4, 5, 6, 7, 8, 9, 10, 11, 12, -1, 13, 14, 15, 16, 17, 18, 22, 23, 21, 20, 19]","[1, 5, 5, 1, 1, 5, 1, 1, 1, 1, 1, 1, 2, 1, 1, 1, 1, 1, 1, 1, 1, 1, 1, 1]",B26R3.78416329,C<sub>18</sub>H<sub>18</sub>FNO<sub>4</sub>,331.339,6,0.34210526315789475,0.3333333333333333,3,26,3,0,0,0,0,0,3,3,0,0,1,Z755016632:x1919_0AS2-D68EV3CPROA-x0980_0BS2,O=C(CCCOC1=CC(F)=CC=C1)NCC2=CC=C3OCOC3=C2,415,CCS(=O)(=NCCNc1cc(F)ccc1C)NCc1ccc2c(c1)OCO2,REAL-Database-22Q1.smi.anon,x1919_0AS2-D68EV3CPROA-x0980_0BS2,"[<rdkit.Chem.rdchem.Mol object at 0x167ff8a40>, <rdkit.Chem.rdchem.Mol object at 0x167ff8a90>]","['x1919_0AS2', 'D68EV3CPROA-x0980_0BS2']",<rdkit.Chem.rdchem.Mol object at 0x1684c8ea0>,<rdkit.Chem.rdchem.Mol object at 0x1684f1c60>,"{'x1919_0AS2': {0: -1, 1: -1, 2: 1, 3: 13, 4: 0, 5: 2, 6: 14, 7: 15, 8: 23, 9: 16, 10: 22, 11: 17, 12: 18, 13: 21, 14: 19, 15: 20}, 'D68EV3CPROA-x0980_0BS2': {0: 5, 1: 6, 2: 7, 3: 12, 4: 8, 5: -1, 6: 11, 7: 10, 8: 9}}"
2725,Z2025493402,COCCN(C)C1=NN=C(C2=CC=CC=C2OC)N1CC3=CC=CS3 Z2025493402,COCCN(C)S(=O)(=NCCc1cnccc1C=O)NCc2ccccc2,[CH3:1][O:2][CH2:3][CH2:4][N:5]([CH3:6])[S:7](=O)(=[N:9][CH2:10][CH2:11][C:12]1=[CH:13][N:14]=[CH:15][CH:16]=[C:17]1[CH:18]=[O:19])[NH:20][CH2:21][C:22]2=C[CH:24]=[CH:25][CH:26]=[CH:27]2,[CH3:1][O:2][CH2:3][CH2:4][N:5]([CH3:6])[C:7]1=[N:9][N:10]=[C:11]([C:12]2=[CH:13][CH:14]=[CH:15][CH:16]=[C:17]2[O:18][CH3:19])[N:20]1[CH2:21][C:22]3=[CH:24][CH:25]=[CH:26][S:27]3,"[0, 1, 2, 3, 4, 5, 6, -1, 7, 8, 9, 10, 11, 12, 13, 14, 15, 16, 17, 18, 19, 20, -1, 21, 22, 23, 24]","[1, 1, 1, 1, 1, 1, 5, 1, 5, 3, 1, 1, 5, 1, 1, 1, 5, 5, 2, 1, 1, 1, 1, 1, 5]",B27R3.35618522,C<sub>18</sub>H<sub>22</sub>N<sub>4</sub>O<sub>2</sub>S,358.460,10,0.19791666666666666,0.17363344051446947,3,26,1,0,0,1,1,0,6,6,0,1,1,Z2025493402:x2021_0AS9-D68EV3CPROA-x0980_0BS1,COCCN(C)C1=NN=C(C2=CC=CC=C2OC)N1CC3=CC=CS3,92,COCCN(C)S(=O)(=NCCc1cnccc1C=O)NCc1ccccc1,REAL-Database-22Q1.smi.anon,x2021_0AS9-D68EV3CPROA-x0980_0BS1,"[<rdkit.Chem.rdchem.Mol object at 0x167fdafc0>, <rdkit.Chem.rdchem.Mol object at 0x167fdb060>]","['x2021_0AS9', 'D68EV3CPROA-x0980_0BS1']",<rdkit.Chem.rdchem.Mol object at 0x167fef380>,<rdkit.Chem.rdchem.Mol object at 0x1684cbd80>,"{'x2021_0AS9': {0: 4, 1: 0, 2: 1, 3: 2, 4: -1, 5: 3, 6: 5, 7: 19, 8: 20, 9: 24, 10: 23, 11: 22, 12: 21, 13: 18, 14: 7, 15: -1, 16: 6}, 'D68EV3CPROA-x0980_0BS1': {0: 16, 1: 17, 2: 15, 3: 14, 4: 10, 5: 13, 6: 11, 7: 12}}"
20250,Z5247738930,CP(C)(=O)[C@@H](NS(=O)(=O)N1CCC(O)CC1)C2CCCC2 Z5247738930,CCCOCC(S(N)(=O)=O)=S(C)(=O)N1CCC(O)CC1,[CH3:1][CH2:2][CH2:3][O:4][CH2:5][C:6]([S:7]([NH2:8])(=[O:9])=[O:10])=[S:11]([CH3:12])(=[O:13])[N:14]1[CH2:15][CH2:16][CH:17]([OH:18])[CH2:19][CH2:20]1,[CH3:8][P:7]([CH3:9])(=[O:10])[C@@H:6](N[S:11](=[O:12])(=[O:13])[N:14]1[CH2:15][CH2:16][CH:17]([OH:18])[CH2:19][CH2:20]1)[CH:5]2[CH2:1][CH2:2][CH2:3][CH2:4]2,"[17, 18, 19, 20, 16, 4, 1, 0, 2, 3, 6, 7, 8, 9, 10, 11, 12, 13, 14, 15]","[5, 5, 5, 1, 3, 6, 1, 5, 1, 1, 1, 1, 1, 1, 1, 1, 2, 2, 1, 1, 5]",B22R2.2109425,C<sub>13</sub>H<sub>27</sub>N<sub>2</sub>O<sub>4</sub>PS,338.405,8,0.25806451612903225,0.2485207100591716,2,20,0,0,0,1,0,1,5,5,0,1,2,Z5247738930:x1919_0AS4-D68EV3CPROA-x1083_0A,CP(C)(=O)[C@@H](NS(=O)(=O)N1CCC(O)CC1)C2CCCC2,498,CCCOCC(S(N)(=O)=O)=S(C)(=O)N1CCC(O)CC1,REAL-Database-22Q1.smi.anon,x1919_0AS4-D68EV3CPROA-x1083_0A,"[<rdkit.Chem.rdchem.Mol object at 0x167ffbce0>, <rdkit.Chem.rdchem.Mol object at 0x16800bc90>]","['x1919_0AS4', 'D68EV3CPROA-x1083_0A']",<rdkit.Chem.rdchem.Mol object at 0x1684ca700>,<rdkit.Chem.rdchem.Mol object at 0x1684f35b0>,"{'x1919_0AS4': {0: 0, 1: 1, 2: 2, 3: 3, 4: 4, 5: 16, 6: 20, 7: 19, 8: 18, 9: 17}, 'D68EV3CPROA-x1083_0A': {0: 9, 1: 7, 3: 10, 4: 11, 5: 12, 6: 14, 7: 15, 8: 8, 9: 13, 10: 6}}"
16005,Z1438695420,CCC(C)NCCC1=CC=C(O)C=C1 Z1438695420,CCS(=O)(=NCCc1ccc(O)nc1)NC,[CH3:1][CH2:2][S:3](=O)(=[N:5][CH2:6][CH2:7][C:8]1=[CH:9][CH:10]=[C:11]([OH:12])[N:13]=[CH:14]1)N[CH3:16],[CH3:1][CH2:2][CH:3]([CH3:16])[NH:5][CH2:6][CH2:7][C:8]1=[CH:9][CH:10]=[C:11]([OH:12])[CH:13]=[CH:14]1,"[0, 1, 2, -1, 4, 5, 6, 7, 8, 9, 10, 11, 12, 13, -1, 3]","[1, 1, 5, 1, 3, 1, 1, 1, 1, 1, 1, 1, 5, 1]",B14R1.13037,C<sub>12</sub>H<sub>19</sub>NO,193.286,5,0.2033898305084746,0.208955223880597,2,14,1,0,0,0,1,0,2,2,0,1,0,Z1438695420:x1919_0AS11-D68EV3CPROA-x1498_0A,CCC(C)NCCC1=CC=C(O)C=C1,407,CCS(=O)(=NCCc1ccc(O)nc1)NC,REAL-Database-22Q1.smi.anon,x1919_0AS11-D68EV3CPROA-x1498_0A,"[<rdkit.Chem.rdchem.Mol object at 0x167ff8590>, <rdkit.Chem.rdchem.Mol object at 0x167ff84f0>]","['x1919_0AS11', 'D68EV3CPROA-x1498_0A']",<rdkit.Chem.rdchem.Mol object at 0x1684c8c20>,<rdkit.Chem.rdchem.Mol object at 0x1684f19e0>,"{'x1919_0AS11': {0: 3, 1: -1, 2: 2, 3: 1, 4: -1, 5: 4, 6: 0}, 'D68EV3CPROA-x1498_0A': {0: 12, 1: 10, 2: 11, 3: 9, 4: 8, 5: 7, 6: 13}}"
12053,PV-004524479396,CC1=CN=CC(C(=O)NCC2CCCN(C(=O)CNS(C)(=O)=O)C2)=C1 PV-004524479396,Cc1cccc(NCOC2CCCN(C(=O)CNS(C)(=O)=O)C2)n1,[CH3:1][C:2]1=[CH:3][CH:4]=[CH:5][C:6]([NH:7][CH2:8][O:9][CH:10]2[CH2:11][CH2:12][CH2:13][N:14]([C:15](=[O:16])[CH2:17][NH:18][S:19]([CH3:20])(=[O:21])=[O:22])[CH2:23]2)=[N:24]1,[CH3:1][C:2]1=[CH:3][N:4]=[CH:5][C:6]([C:7](=O)[NH:8][CH2:9][CH:10]2[CH2:11][CH2:12][CH2:13][N:14]([C:15](=[O:16])[CH2:17][NH:18][S:19]([CH3:20])(=[O:21])=[O:22])[CH2:23]2)=[CH:24]1,"[0, 1, 2, 3, 4, 5, 6, 8, 9, 10, 11, 12, 13, 14, 15, 16, 17, 18, 19, 20, 21, 22, 23, 24]","[1, 1, 1, 5, 1, 1, 5, 6, 5, 5, 1, 1, 1, 1, 1, 1, 1, 1, 1, 1, 1, 1, 1, 1, 5]",B26R2.546494783,C<sub>16</sub>H<sub>24</sub>N<sub>4</sub>O<sub>4</sub>S,368.453,6,0.46153846153846156,0.38028169014084506,1,25,0,1,0,0,0,0,5,5,0,0,0,PV-004524479396:x1071_0A-D68EV3CPROA-x1247_0AS2,CC1=CN=CC(C(=O)NCC2CCCN(C(=O)CNS(C)(=O)=O)C2)=C1,319,Cc1cccc(NCOC2CCCN(C(=O)CNS(C)(=O)=O)C2)n1,REAL-Database-22Q1.smi.anon,x1071_0A-D68EV3CPROA-x1247_0AS2,"[<rdkit.Chem.rdchem.Mol object at 0x167fd91c0>, <rdkit.Chem.rdchem.Mol object at 0x167fe1210>]","['x1071_0A', 'D68EV3CPROA-x1247_0AS2']",<rdkit.Chem.rdchem.Mol object at 0x16800b330>,<rdkit.Chem.rdchem.Mol object at 0x1684f0040>,"{'x1071_0A': {0: 18, 1: 20, 2: 22, 3: 17, 4: 15, 5: 13, 6: 12, 7: 11, 8: 10, 9: 23, 10: 14, 11: 21, 12: 16, 13: 19}, 'D68EV3CPROA-x1247_0AS2': {0: 6, 1: 5, 2: 4, 3: 24, 4: 3, 5: 1, 6: 2, 7: 0}}"
17338,Z1731561048,C=C(C)CCN1CCCC1C2=NOC(C(C)C)=N2 Z1731561048,CC(C)c1nc(C2NCCC2CCN=S(C)=O)no1,[CH3:1][CH:2]([CH3:3])[C:4]1=[N:5][C:6]([CH:7]2[NH:8][CH2:9][CH2:10][CH:11]2[CH2:12][CH2:13]N=[SH:15]([CH3:16])=[O:17])=[N:18][O:19]1,[CH2:17]=[C:15]([CH3:16])[CH2:13][CH2:12][N:11]1[CH2:10][CH2:9][CH2:8][CH:7]1[C:6]2=[N:18][O:19][C:4]([CH:2]([CH3:1])[CH3:3])=[N:5]2,"[15, 14, 16, 13, 17, 10, 9, 8, 7, 6, 5, 4, 3, -1, 1, 2, 0, 11, 12]","[5, 5, 1, 1, 1, 5, 1, 1, 5, 1, 1, 1, 1, 1, 1, 1, 1, 1]",B19R2.4753660,C<sub>14</sub>H<sub>23</sub>N<sub>3</sub>O,249.352,5,0.3076923076923077,0.7419354838709677,1,19,0,0,0,0,1,0,4,4,0,0,0,Z1731561048:x1329_0AS1-D68EV3CPROA-x1305_0B,C=C(C)CCN1CCCC1C2=NOC(C(C)C)=N2,435,CC(C)c1nc(C2NCCC2CCN=[SH](C)=O)no1,REAL-Database-22Q1.smi.anon,x1329_0AS1-D68EV3CPROA-x1305_0B,"[<rdkit.Chem.rdchem.Mol object at 0x167ff9710>, <rdkit.Chem.rdchem.Mol object at 0x167ff9760>]","['x1329_0AS1', 'D68EV3CPROA-x1305_0B']",<rdkit.Chem.rdchem.Mol object at 0x1684c93a0>,<rdkit.Chem.rdchem.Mol object at 0x1684f22a0>,"{'x1329_0AS1': {0: 1, 1: 0, 2: 2, 3: -1}, 'D68EV3CPROA-x1305_0B': {0: 17, 1: 15, 2: 12, 3: 14, 4: 16, 5: 13, 6: 10, 7: 9, 8: 5, 9: 6, 10: 7, 11: 11, 12: 8}}"
11671,Z5485447614,CS(=O)NCCOC1=CC=CC(Cl)=C1Cl Z5485447614,CS(=O)=NCCOc1ccccc1O,[CH3:1][SH:2](=[O:3])=[N:4][CH2:5][CH2:6][O:7][C:8]1=[CH:9][CH:10]=[CH:11][CH:12]=[C:13]1[OH:14],[CH3:1][S:2](=[O:3])[NH:4][CH2:5][CH2:6][O:7][C:8]1=[CH:9][CH:10]=[CH:11][C:12](Cl)=[C:13]1[Cl:14],"[0, 1, 2, 3, 4, 5, 6, 7, 8, 9, 10, 11, 13, 14]","[1, 3, 1, 3, 1, 1, 1, 1, 1, 1, 1, 2, 6, 1, 5]",B15R1.1779,C<sub>9</sub>H<sub>11</sub>Cl<sub>2</sub>NO<sub>2</sub>S,268.161,4,0.22413793103448276,0.4148936170212766,1,14,0,1,0,0,0,0,1,1,0,2,1,Z5485447614:x1084_0AS1-D68EV3CPROA-x1604_0AS2,CS(=O)NCCOC1=CC=CC(Cl)=C1Cl,310,C[SH](=O)=NCCOc1ccccc1O,REAL-Database-22Q1.smi.anon,x1084_0AS1-D68EV3CPROA-x1604_0AS2,"[<rdkit.Chem.rdchem.Mol object at 0x167fe0bd0>, <rdkit.Chem.rdchem.Mol object at 0x167fd8c20>]","['x1084_0AS1', 'D68EV3CPROA-x1604_0AS2']",<rdkit.Chem.rdchem.Mol object at 0x16800b010>,<rdkit.Chem.rdchem.Mol object at 0x1684afd30>,"{'x1084_0AS1': {0: 1, 1: 2, 2: 3, 3: 0}, 'D68EV3CPROA-x1604_0AS2': {0: 9, 1: 8, 2: 7, 3: 13, 4: 11, 5: 10, 6: 14, 7: 6}}"
369,Z3837717748,COCCCCN(CC1=CC=CC=C1)C(=O)CCN2C=CN=C2C Z3837717748,CCCOCCS(=O)(=NCCn1nnnc1C)NCc2ccccc2,[CH3:1][CH2:2][CH2:3][O:4][CH2:5][CH2:6][S:7](=O)(=[N:9][CH2:10][CH2:11][N:12]1[N:13]=[N:14][N:15]=[C:16]1[CH3:17])N[CH2:19][C:20]2=[CH:21][CH:22]=[CH:23][CH:24]=[CH:25]2,[CH3:1][O:2][CH2:3][CH2:4][CH2:5][CH2:6][N:7]([CH2:19][C:20]1=[CH:21][CH:22]=[CH:23][CH:24]=[CH:25]1)[C:9](=O)[CH2:10][CH2:11][N:12]2[CH:13]=[CH:14][N:15]=[C:16]2[CH3:17],"[0, 1, 2, 3, 4, 5, 6, -1, 14, 16, 17, 18, 19, 20, 21, 22, 23, -1, 7, 8, 9, 10, 11, 12, 13]","[1, 5, 1, 5, 1, 1, 5, 1, 1, 1, 1, 1, 1, 1, 5, 6, 1, 1, 1, 5, 5, 1, 1, 1]",B25R2.19385102,C<sub>19</sub>H<sub>27</sub>N<sub>3</sub>O<sub>2</sub>,329.437,9,0.25,0.17578125,3,24,1,1,0,0,1,0,6,6,0,0,0,Z3837717748:x1919_0AS12-D68EV3CPROA-x1537_0A,COCCCCN(CC1=CC=CC=C1)C(=O)CCN2C=CN=C2C,23,CCCOCCS(=O)(=NCCn1nnnc1C)NCc1ccccc1,REAL-Database-22Q1.smi.anon,x1919_0AS12-D68EV3CPROA-x1537_0A,"[<rdkit.Chem.rdchem.Mol object at 0x167fcf740>, <rdkit.Chem.rdchem.Mol object at 0x167fcf7e0>]","['x1919_0AS12', 'D68EV3CPROA-x1537_0A']",<rdkit.Chem.rdchem.Mol object at 0x163ca5f30>,<rdkit.Chem.rdchem.Mol object at 0x1684cab60>,"{'x1919_0AS12': {0: -1, 1: 0, 2: 3, 3: 1, 4: 12, 5: 13, 6: 2, 7: 4, 8: 5, 9: 7, 10: 8, 11: 9, 12: 10, 13: 11, 14: 14, 15: -1, 16: 6}, 'D68EV3CPROA-x1537_0A': {0: 18, 1: 23, 2: 22, 3: 19, 4: 20, 5: 21}}"
18756,PV-003444063742,CC1=CC=C(F)C=C1N2N=C(C3=NN(C)C=C3)N=C2COC4CCCC4 PV-003444063742,Cc1csc(C(ONc2cc(F)ccc2C)c3ccnc4c3CCN4)n1,[CH3:1][C:2]1=[CH:3][S:4][C:5]([CH:6]([O:7][NH:8][C:9]2=[CH:10][C:11]([F:12])=[CH:13][CH:14]=[C:15]2[CH3:16])[C:17]3=[CH:18][CH:19]=[N:20][C:21]4=[C:22]3[CH2:23][CH2:24][NH:25]4)=[N:26]1,[CH3:16][C:15]1=[CH:14][CH:13]=[C:11]([F:12])[CH:10]=[C:9]1[N:8]2[N:7]=[C:6]([C:5]3=[N:26][N:2]([CH3:1])[CH:3]=[CH:4]3)[N:17]=[C:18]2[CH2:19][O:20][CH:21]4[CH2:22][CH2:23][CH2:24][CH2:25]4,"[14, 13, 15, 16, 11, 10, 9, 8, 7, 6, 4, 5, 3, 2, 1, 0, 17, 18, 19, 20, 21, 22, 23, 24, 25, 12]","[1, 1, 1, 1, 1, 1, 1, 1, 2, 5, 3, 1, 1, 5, 1, 1, 5, 5, 2, 3, 5, 3, 3, 1, 1, 5]",B29R4.1116208938,C<sub>19</sub>H<sub>22</sub>FN<sub>5</sub>O,355.410,12,0.22448979591836735,0.21040189125295508,2,28,0,0,1,1,0,0,6,6,0,4,2,PV-003444063742:x2149_0A-D68EV3CPROA-x0980_0B,CC1=CC=C(F)C=C1N2N=C(C3=NN(C)C=C3)N=C2COC4CCCC4,465,Cc1csc(C(ONc2cc(F)ccc2C)c2ccnc3c2CCN3)n1,REAL-Database-22Q1.smi.anon,x2149_0A-D68EV3CPROA-x0980_0B,"[<rdkit.Chem.rdchem.Mol object at 0x167ffa890>, <rdkit.Chem.rdchem.Mol object at 0x167ffa8e0>]","['x2149_0A', 'D68EV3CPROA-x0980_0B']",<rdkit.Chem.rdchem.Mol object at 0x1684c9d00>,<rdkit.Chem.rdchem.Mol object at 0x1684f2b60>,"{'x2149_0A': {1: 14, 3: 13, 4: 15, 5: 11, 6: 10, 7: 22, 8: 23, 9: 24, 10: 21, 11: 25, 12: 12, 13: 16}, 'D68EV3CPROA-x0980_0B': {0: 8, 1: 0, 3: 1, 5: 19, 6: 18, 7: 2, 8: 3, 9: 4, 10: 6, 11: 7, 13: 17, 15: 5, 16: 20}}"
6174,Z1426301253,O=C(C#CC1=CC=C2OCOC2=C1)NCC(=O)NC3=NC=CS3 Z1426301253,CCS(=O)(=NCC(=O)Nc1cnns1)NCc2ccc3c(c2)OCO3,CC[S:3](=[O:4])(=[N:5][CH2:6][C:7](=[O:8])[NH:9][C:10]1=[CH:11][N:12]=[N:13][S:14]1)[NH:15][CH2:16][C:17]2=[CH:18][CH:19]=[C:20]3[C:21](=[CH:22]2)[O:23][CH2:24][O:25]3,[O:4]=[C:3]([C:15]#[C:16][C:17]1=[CH:18][CH:19]=[C:20]2[O:25][CH2:24][O:23][C:21]2=[CH:22]1)[NH:5][CH2:6][C:7](=[O:8])[NH:9][C:10]3=[N:11][CH:12]=[CH:13][S:14]3,"[-1, -1, 1, 0, 13, 14, 15, 16, 17, 18, 19, 20, 21, 22, 2, 3, 4, 5, 6, 7, 11, 12, 10, 9, 8]","[1, 5, 5, 3, 1, 1, 1, 1, 1, 1, 1, 1, 1, 3, 1, 1, 1, 1, 1, 5, 5, 5, 1]",B25R3.120674803,C<sub>15</sub>H<sub>11</sub>N<sub>3</sub>O<sub>4</sub>S,329.332,9,0.27906976744186046,0.27017543859649124,2,25,2,0,0,0,0,0,5,5,0,2,0,Z1426301253:x1919_0AS2-D68EV3CPROA-x0789_0AS4,O=C(C#CC1=CC=C2OCOC2=C1)NCC(=O)NC3=NC=CS3,185,CCS(=O)(=NCC(=O)Nc1cnns1)NCc1ccc2c(c1)OCO2,REAL-Database-22Q1.smi.anon,x1919_0AS2-D68EV3CPROA-x0789_0AS4,"[<rdkit.Chem.rdchem.Mol object at 0x167fdaed0>, <rdkit.Chem.rdchem.Mol object at 0x167fdae30>]","['x1919_0AS2', 'D68EV3CPROA-x0789_0AS4']",<rdkit.Chem.rdchem.Mol object at 0x168008b30>,<rdkit.Chem.rdchem.Mol object at 0x167fed8a0>,"{'x1919_0AS2': {0: -1, 1: -1, 2: 1, 3: 2, 4: 0, 5: 13, 6: 3, 7: 4, 8: 12, 9: 5, 10: 11, 11: 6, 12: 7, 13: 10, 14: 8, 15: 9}, 'D68EV3CPROA-x0789_0AS4': {0: 15, 1: 17, 2: 16, 3: 18, 4: 19, 5: 22, 6: 20, 7: 21}}"
9261,Z5496556537,COC(=O)C1CCCN(C(=O)C2=CC=C(C3=CNN=N3)C=C2)C1C Z5496556537,CNC(=O)C1CCCN(S(C)(=O)=NCCN(C=O)c2cnns2)C1C,[CH3:1][NH:2][C:3](=[O:4])[CH:5]1[CH2:6][CH2:7][CH2:8][N:9]([S:10](C)(=[O:12])=[N:13][CH2:14][CH2:15][N:16]([CH:17]=[O:18])[C:19]2=[CH:20][N:21]=[N:22][S:23]2)[CH:24]1[CH3:25],[CH3:1][O:2][C:3](=[O:4])[CH:5]1[CH2:6][CH2:7][CH2:8][N:9]([C:10](=[O:12])[C:13]2=[CH:14][CH:15]=[C:16]([C:19]3=[CH:20][NH:21][N:22]=[N:23]3)[CH:17]=[CH:18]2)[CH:24]1[CH3:25],"[0, 1, 2, 3, 4, 5, 6, 7, 8, 9, -1, 10, 11, 12, 13, 14, 20, 21, 15, 16, 17, 18, 19, 22, 23]","[1, 5, 1, 1, 1, 1, 1, 1, 1, 5, 1, 5, 3, 3, 5, 1, 1, 3, 1, 5, 1, 5, 1, 1]",B26R3.1727188,C<sub>17</sub>H<sub>20</sub>N<sub>4</sub>O<sub>3</sub>,328.366,11,0.20430107526881722,0.22519083969465647,2,25,1,0,0,1,0,0,6,6,0,3,0,Z5496556537:x1329_0A-D68EV3CPROA-x0789_0AS4,COC(=O)C1CCCN(C(=O)C2=CC=C(C3=CNN=N3)C=C2)C1C,255,CNC(=O)C1CCCN(S(C)(=O)=NCCN(C=O)c2cnns2)C1C,REAL-Database-22Q1.smi.anon,x1329_0A-D68EV3CPROA-x0789_0AS4,"[<rdkit.Chem.rdchem.Mol object at 0x167fec4f0>, <rdkit.Chem.rdchem.Mol object at 0x163c6e5c0>]","['x1329_0A', 'D68EV3CPROA-x0789_0AS4']",<rdkit.Chem.rdchem.Mol object at 0x168009fd0>,<rdkit.Chem.rdchem.Mol object at 0x1684aed40>,"{'x1329_0A': {0: 8, 1: 23, 2: 10, 3: 22, 4: -1, 5: 7, 6: 6, 7: 5, 8: 4, 9: 2, 10: 0, 11: 1, 12: 11, 13: 3, 14: 9}, 'D68EV3CPROA-x0789_0AS4': {0: 20, 1: 14, 2: 21, 3: 15, 4: 16, 5: 19, 6: 17, 7: 18}}"
15888,PV-002716831436,C1=C(CCNC2CCSC2)C=C3OCOC3=C1 PV-002716831436,O=C1CCC(OCCc2ccc3c(c2)OCO3)N1,O=[C:2]1[CH2:3][CH2:4][CH:5]([O:6][CH2:7][CH2:8][C:9]2=[CH:10][CH:11]=[C:12]3[C:13](=[CH:14]2)[O:15][CH2:16][O:17]3)[NH:18]1,[CH:10]1=[C:9]([CH2:8][CH2:7][NH:6][CH:5]2[CH2:4][CH2:3][S:2][CH2:18]2)[CH:14]=[C:13]3[O:15][CH2:16][O:17][C:12]3=[CH:11]1,"[-1, 8, 7, 6, 5, 4, 3, 2, 1, 0, 16, 15, 11, 10, 12, 13, 14, 9]","[1, 1, 1, 1, 5, 1, 1, 1, 5, 5, 1, 1, 1, 1, 1, 1, 1]",B19R3.151008,C<sub>13</sub>H<sub>17</sub>NO<sub>2</sub>S,251.346,4,0.4,0.44871794871794873,1,19,1,0,0,0,0,0,3,3,0,0,0,PV-002716831436:x2149_0AS3-D68EV3CPROA-x1140_0AS2,C1=C(CCNC2CCSC2)C=C3OCOC3=C1,404,O=C1CCC(OCCc2ccc3c(c2)OCO3)N1,REAL-Database-22Q1.smi.anon,x2149_0AS3-D68EV3CPROA-x1140_0AS2,"[<rdkit.Chem.rdchem.Mol object at 0x167ff8400>, <rdkit.Chem.rdchem.Mol object at 0x167ff8450>]","['x2149_0AS3', 'D68EV3CPROA-x1140_0AS2']",<rdkit.Chem.rdchem.Mol object at 0x1684c8b80>,<rdkit.Chem.rdchem.Mol object at 0x1684f18a0>,"{'x2149_0AS3': {0: 7, 1: 6, 2: 8, 3: 5, 4: -1, 5: 9}, 'D68EV3CPROA-x1140_0AS2': {0: 2, 1: 1, 2: 0, 3: 10, 4: 16, 5: 11, 6: 15, 7: 12, 8: 14, 9: 13}}"
19871,Z2789535656,COC1=CC=C2CCCC2=C1NCCC3=CC=C(C(N)=O)C=C3 Z2789535656,NCc1ccn2ccnc2c1OC3CNc4ccc(C(N)=O)cc43,[NH2:1][CH2:2][C:3]=1[CH:4]=[CH:5][N:6]2[CH:7]=[CH:8][N:9]=[C:10]2[C:11]1[O:12][CH:13]3[CH2:14]N[C:16]4=[CH:17][CH:18]=[C:19]([C:20]([NH2:21])=[O:22])[CH:23]=[C:24]43,[CH3:1][O:2][C:3]1=[CH:4][CH:5]=[C:6]2[CH2:7][CH2:8][CH2:9][C:10]2=[C:11]1[NH:12][CH2:13][CH2:14][C:16]3=[CH:17][CH:18]=[C:19]([C:20]([NH2:21])=[O:22])[CH:23]=[CH:24]3,"[0, 1, 2, 3, 4, 5, 6, 7, 8, 9, 10, 11, 12, 13, -1, 14, 15, 16, 17, 18, 19, 20, 21, 22]","[5, 5, 1, 1, 1, 5, 3, 3, 5, 1, 1, 5, 2, 1, 1, 1, 1, 1, 1, 1, 1, 1, 2]",B25R3.55975804,C<sub>19</sub>H<sub>22</sub>N<sub>2</sub>O<sub>2</sub>,310.391,9,0.21176470588235294,0.31365313653136534,2,25,0,0,1,0,1,0,5,5,0,2,2,Z2789535656:x0771_0A-D68EV3CPROA-x0176_0A,COC1=CC=C2CCCC2=C1NCCC3=CC=C(C(N)=O)C=C3,490,NCc1ccn2ccnc2c1OC1CNc2ccc(C(N)=O)cc21,REAL-Database-22Q1.smi.anon,x0771_0A-D68EV3CPROA-x0176_0A,"[<rdkit.Chem.rdchem.Mol object at 0x167ffb790>, <rdkit.Chem.rdchem.Mol object at 0x167ffb7e0>]","['x0771_0A', 'D68EV3CPROA-x0176_0A']",<rdkit.Chem.rdchem.Mol object at 0x1684ca480>,<rdkit.Chem.rdchem.Mol object at 0x1684f3330>,"{'x0771_0A': {0: -1, 1: -1, 2: -1, 3: -1, 4: -1, 5: -1, 6: -1, 7: -1, 8: -1, 9: -1, 10: -1, 11: -1}, 'D68EV3CPROA-x0176_0A': {0: -1, 1: -1, 2: -1, 3: -1, 4: -1, 5: -1, 6: -1, 7: -1, 8: -1, 9: -1, 10: -1}}"
1141,Z640948616,CCSCCC(=O)NCCC1=CC=CN=C1 Z640948616,CCCOCCS(=O)=NCCc1cccnc1,C[CH2:2][CH2:3][O:4][CH2:5][CH2:6][SH:7](=[O:8])=[N:9][CH2:10][CH2:11][C:12]1=[CH:13][CH:14]=[CH:15][N:16]=[CH:17]1,[CH3:2][CH2:3][S:4][CH2:5][CH2:6][C:7](=[O:8])[NH:9][CH2:10][CH2:11][C:12]1=[CH:13][CH:14]=[CH:15][N:16]=[CH:17]1,"[-1, 0, 1, 2, 3, 4, 5, 6, 7, 8, 9, 10, 11, 12, 13, 14, 15]","[2, 1, 4, 1, 1, 5, 1, 3, 1, 1, 1, 1, 1, 1, 1, 1]",B16R1.5498,C<sub>12</sub>H<sub>18</sub>N<sub>2</sub>OS,238.351,4,0.3225806451612903,0.35664335664335667,1,16,1,0,0,0,0,0,2,1,1,1,1,Z640948616:x1919_0AS6-D68EV3CPROA-x0980_0BS5,CCSCCC(=O)NCCC1=CC=CN=C1,50,CCCOCC[SH](=O)=NCCc1cccnc1,REAL-Database-22Q1.smi.anon,x1919_0AS6-D68EV3CPROA-x0980_0BS5,"[<rdkit.Chem.rdchem.Mol object at 0x163c90d10>, <rdkit.Chem.rdchem.Mol object at 0x163c90d60>]","['x1919_0AS6', 'D68EV3CPROA-x0980_0BS5']",<rdkit.Chem.rdchem.Mol object at 0x167fee7a0>,<rdkit.Chem.rdchem.Mol object at 0x1684cb290>,"{'x1919_0AS6': {0: 5, 1: 6, 2: 7, 3: 4, 4: 3, 5: 2, 6: 1, 7: 0, 8: -1}, 'D68EV3CPROA-x0980_0BS5': {0: 11, 1: 12, 2: 10, 3: 13, 4: 15, 5: 14}}"
15764,Z4264566964,CCCCCCCCS(=O)(=O)N1CCCC(C(=O)NC)C1 Z4264566964,CNC(=O)C1CCCN(S(=O)(=O)COC2OCCC2C)C1C,[CH3:1][NH:2][C:3](=[O:4])[CH:5]1[CH2:6][CH2:7][CH2:8][N:9]([S:10](=[O:11])(=[O:12])[CH2:13][O:14][CH:15]2[O:16][CH2:17][CH2:18][CH:19]2[CH3:20])[CH:21]1C,[CH3:20][CH2:19][CH2:18][CH2:17][CH2:16][CH2:15][CH2:14][CH2:13][S:10](=[O:11])(=[O:12])[N:9]1[CH2:8][CH2:7][CH2:6][CH:5]([C:3](=[O:4])[NH:2][CH3:1])[CH2:21]1,"[19, 18, 16, 17, 15, 14, 13, 12, 11, 8, 9, 10, 7, 6, 5, 4, 3, 2, 1, 0, 20, -1]","[1, 2, 1, 1, 5, 2, 5, 1, 1, 1, 1, 1, 1, 1, 1, 1, 1, 1, 1, 1, 2]",B21R1.663549,C<sub>15</sub>H<sub>30</sub>N<sub>2</sub>O<sub>3</sub>S,318.477,4,0.3283582089552239,0.46835443037974683,2,21,1,0,1,0,0,0,2,2,0,0,3,Z4264566964:x1329_0A-D68EV3CPROA-x0789_0AS3,CCCCCCCCS(=O)(=O)N1CCCC(C(=O)NC)C1,402,CNC(=O)C1CCCN(S(=O)(=O)COC2OCCC2C)C1C,REAL-Database-22Q1.smi.anon,x1329_0A-D68EV3CPROA-x0789_0AS3,"[<rdkit.Chem.rdchem.Mol object at 0x167ff82c0>, <rdkit.Chem.rdchem.Mol object at 0x167ff8310>]","['x1329_0A', 'D68EV3CPROA-x0789_0AS3']",<rdkit.Chem.rdchem.Mol object at 0x1684c8a40>,<rdkit.Chem.rdchem.Mol object at 0x1684f1940>,"{'x1329_0A': {0: 11, 1: -1, 2: 10, 3: 20, 4: 7, 5: 12, 6: 13, 7: 14, 8: 15, 9: 16, 10: 19, 11: 18, 12: 9, 13: 17, 14: 8}, 'D68EV3CPROA-x0789_0AS3': {0: 5, 1: 1, 2: 4, 3: 0, 4: 2, 5: 3}}"
850,Z1623905875,CC(C)(C)OC(=O)C1=CC=NC(NCCCS(=O)(=O)CC2=CC=CC=C2)=C1 Z1623905875,CC1(C)OC(=O)c2cc(OCCN=S(C)(=O)Nc3ccc(CN)cc3)c(O)cc2O1,[CH3:1][C:2]1([CH3:3])[O:4][C:5](=[O:6])[C:7]2=[CH:8][C:9]([O:10][CH2:11][CH2:12][N:13]=[S:14]([CH3:15])(=[O:16])[NH:17][C:18]3=[CH:19][CH:20]=[C:21](CN)[CH:24]=[CH:25]3)=[C:26](O)[CH:28]=[C:29]2[O:30]1,[CH3:1][C:2]([CH3:3])([CH3:30])[O:4][C:5](=[O:6])[C:7]1=[CH:29][CH:28]=[N:26][C:9]([NH:10][CH2:11][CH2:12][CH2:13][S:14](=[O:15])(=[O:16])[CH2:17][C:18]2=[CH:19][CH:20]=[CH:21][CH:24]=[CH:25]2)=[CH:8]1,"[0, 1, 2, 4, 5, 6, 7, 26, 11, 12, 13, 14, 15, 16, 17, 18, 19, 20, 21, 22, 23, -1, -1, 24, 25, 10, -1, 9, 8, 3]","[1, 1, 1, 5, 1, 1, 1, 1, 2, 1, 5, 1, 5, 1, 1, 5, 1, 5, 1, 5, 1, 1, 1, 2, 1, 1, 1]",B28R2.46456458,C<sub>20</sub>H<sub>26</sub>N<sub>2</sub>O<sub>4</sub>S,390.498,10,0.1958762886597938,0.23465703971119134,4,28,3,0,1,0,0,0,6,6,0,0,2,Z1623905875:x1084_0A-D68EV3CPROA-x1604_0A,CC(C)(C)OC(=O)C1=CC=NC(NCCCS(=O)(=O)CC2=CC=CC=C2)=C1,42,CC1(C)OC(=O)c2cc(OCCN=S(C)(=O)Nc3ccc(CN)cc3)c(O)cc2O1,REAL-Database-22Q1.smi.anon,x1084_0A-D68EV3CPROA-x1604_0A,"[<rdkit.Chem.rdchem.Mol object at 0x163c90720>, <rdkit.Chem.rdchem.Mol object at 0x167fd87c0>]","['x1084_0A', 'D68EV3CPROA-x1604_0A']",<rdkit.Chem.rdchem.Mol object at 0x167fee5c0>,<rdkit.Chem.rdchem.Mol object at 0x1684cb060>,"{'x1084_0A': {0: 19, 1: 17, 2: 15, 3: 20, 4: 21, 5: 22, 6: 23, 7: -1, 8: 24, 9: 25, 10: -1, 11: 18, 12: 16}, 'D68EV3CPROA-x1604_0A': {0: 0, 1: 4, 2: 1, 3: 2, 4: 5, 5: 7, 6: 26, 7: 11, 8: 10, 9: 9, 10: 8, 11: 6, 12: -1, 13: 3, 14: 12}}"
18943,PV-002811258066,CC(=O)CCC(=O)OCC1=CC=C2OCOC2=C1 PV-002811258066,CS(=O)(=O)NCC(=O)OCc1ccc2c(c1)OCO2,[CH3:1][S:2](=[O:3])(=O)[NH:5][CH2:6][C:7](=[O:8])[O:9][CH2:10][C:11]1=[CH:12][CH:13]=[C:14]2[C:15](=[CH:16]1)[O:17][CH2:18][O:19]2,[CH3:1][C:2](=[O:3])[CH2:5][CH2:6][C:7](=[O:8])[O:9][CH2:10][C:11]1=[CH:12][CH:13]=[C:14]2[O:19][CH2:18][O:17][C:15]2=[CH:16]1,"[0, 1, 2, -1, 3, 4, 5, 6, 7, 8, 9, 10, 11, 12, 16, 17, 15, 14, 13]","[1, 5, 1, 5, 1, 1, 1, 1, 1, 1, 1, 1, 1, 1, 1, 1, 1, 1]",B19R2.1036525,C<sub>13</sub>H<sub>14</sub>O<sub>5</sub>,250.248,3,0.5510204081632653,0.5970149253731343,1,19,1,0,0,0,0,0,2,2,0,0,0,PV-002811258066:x1071_0AS2-D68EV3CPROA-x1140_0AS4,CC(=O)CCC(=O)OCC1=CC=C2OCOC2=C1,470,CS(=O)(=O)NCC(=O)OCc1ccc2c(c1)OCO2,REAL-Database-22Q1.smi.anon,x1071_0AS2-D68EV3CPROA-x1140_0AS4,"[<rdkit.Chem.rdchem.Mol object at 0x167ffabb0>, <rdkit.Chem.rdchem.Mol object at 0x167ffac00>]","['x1071_0AS2', 'D68EV3CPROA-x1140_0AS4']",<rdkit.Chem.rdchem.Mol object at 0x1684c9e90>,<rdkit.Chem.rdchem.Mol object at 0x1684f2c50>,"{'x1071_0AS2': {0: 5, 1: 4, 2: 6, 3: 3, 4: 1, 5: 2, 6: -1, 7: 0}, 'D68EV3CPROA-x1140_0AS4': {0: 9, 1: 10, 2: 17, 3: 11, 4: 16, 5: 12, 6: 15, 7: 13, 8: 14}}"
3404,Z3402834186,CN(CC1=CC=C2OCOC2=C1)S(=O)(=O)CCCCS(C)(=O)=O Z3402834186,CS(=O)(=O)NCCCS(=O)(=O)NCc1ccc2c(c1)OCO2,[CH3:1][S:2](=[O:3])(=[O:4])[NH:5][CH2:6][CH2:7][CH2:8][S:9](=[O:10])(=[O:11])[NH:12][CH2:13][C:14]1=[CH:15][CH:16]=[C:17]2[C:18](=[CH:19]1)[O:20][CH2:21][O:22]2,C[N:12]([CH2:13][C:14]1=[CH:15][CH:16]=[C:17]2[O:22][CH2:21][O:20][C:18]2=[CH:19]1)[S:9](=[O:10])(=[O:11])[CH2:8][CH2:7][CH2:6][CH2:5][S:2]([CH3:1])(=[O:3])=[O:4],"[20, 19, 21, 22, 18, 17, 16, 15, 12, 13, 14, 1, 2, 3, 4, 5, 6, 10, 11, 9, 8, 7]","[6, 2, 1, 1, 1, 1, 1, 1, 1, 1, 1, 1, 1, 1, 1, 1, 1, 1, 5, 1, 1, 1, 1]",B24R2.56909072,C<sub>14</sub>H<sub>21</sub>NO<sub>6</sub>S<sub>2</sub>,363.452,2,0.3898305084745763,0.7163120567375887,1,23,0,1,0,0,0,0,1,1,0,0,1,Z3402834186:x1071_0AS3-D68EV3CPROA-x1140_0A,CN(CC1=CC=C2OCOC2=C1)S(=O)(=O)CCCCS(C)(=O)=O,113,CS(=O)(=O)NCCCS(=O)(=O)NCc1ccc2c(c1)OCO2,REAL-Database-22Q1.smi.anon,x1071_0AS3-D68EV3CPROA-x1140_0A,"[<rdkit.Chem.rdchem.Mol object at 0x167fdbfb0>, <rdkit.Chem.rdchem.Mol object at 0x167fd8040>]","['x1071_0AS3', 'D68EV3CPROA-x1140_0A']",<rdkit.Chem.rdchem.Mol object at 0x167fef880>,<rdkit.Chem.rdchem.Mol object at 0x167fec360>,"{'x1071_0AS3': {0: 18, 1: 19, 2: 21, 3: 22, 4: 20}, 'D68EV3CPROA-x1140_0A': {0: 1, 1: 16, 2: 13, 3: 15, 4: 2, 5: 3, 6: 4, 7: 5, 8: 6, 9: 8, 10: 10, 11: 11, 12: 14, 13: 7, 14: 9, 15: 12}}"
14365,PV-006175844973,C[C@H]1[C@@H](C(=O)O)CCCN1C(=O)COCCC2=CC=C(Br)C=C2 PV-006175844973,CNC(=O)C1CCCN(S(=O)(=O)COCCc2ccc(F)cc2)C1C,C[NH:2][C:3](=[O:4])[CH:5]1[CH2:6][CH2:7][CH2:8][N:9]([S:10](=[O:11])(=O)[CH2:13][O:14][CH2:15][CH2:16][C:17]2=[CH:18][CH:19]=[C:20]([F:21])[CH:22]=[CH:23]2)[CH:24]1[CH3:25],[CH3:25][C@H:24]1[C@@H:5]([C:3](=[O:4])[OH:2])[CH2:6][CH2:7][CH2:8][N:9]1[C:10](=[O:11])[CH2:13][O:14][CH2:15][CH2:16][C:17]2=[CH:18][CH:19]=[C:20]([Br:21])[CH:22]=[CH:23]2,"[-1, 5, 3, 4, 2, 6, 7, 8, 9, 10, 11, -1, 12, 13, 14, 15, 16, 17, 18, 19, 20, 21, 22, 1, 0]","[1, 1, 1, 1, 1, 5, 1, 1, 1, 1, 5, 1, 1, 1, 1, 1, 1, 1, 1, 1, 4, 1, 1]",B24R2.447624,C<sub>17</sub>H<sub>22</sub>BrNO<sub>4</sub>,384.265,5,0.35064935064935066,0.36065573770491804,2,24,2,0,0,0,0,0,3,2,1,0,0,PV-006175844973:x1329_0A-D68EV3CPROA-x0980_0BS3,C[C@H]1[C@@H](C(=O)O)CCCN1C(=O)COCCC2=CC=C(Br)C=C2,369,CNC(=O)C1CCCN(S(=O)(=O)COCCc2ccc(F)cc2)C1C,REAL-Database-22Q1.smi.anon,x1329_0A-D68EV3CPROA-x0980_0BS3,"[<rdkit.Chem.rdchem.Mol object at 0x167fe3060>, <rdkit.Chem.rdchem.Mol object at 0x167fe30b0>]","['x1329_0A', 'D68EV3CPROA-x0980_0BS3']",<rdkit.Chem.rdchem.Mol object at 0x167fec630>,<rdkit.Chem.rdchem.Mol object at 0x1684f0f90>,"{'x1329_0A': {0: 9, 1: 0, 2: -1, 3: 1, 4: 12, 5: 8, 6: 7, 7: 6, 8: 2, 9: 3, 10: -1, 11: 5, 12: 11, 13: 4, 14: 10}, 'D68EV3CPROA-x0980_0BS3': {0: 17, 1: 18, 2: 16, 3: 19, 4: 15, 5: 22, 6: 21, 7: 20}}"
16095,Z2087181009,CC=CC(=O)NC1=CC=C2OC(C)(C)CC(=O)C2=C1 Z2087181009,CC1(C)OC(=O)c2cc(OC3=CNCC3)c(O)cc2O1,[CH3:1][C:2]1([CH3:3])[O:4][C:5](=[O:6])[C:7]2=[CH:8][C:9]([O:10][C:11]3=[CH:12][NH:13][CH2:14][CH2:15]3)=[C:16](O)[CH:18]=[C:19]2[O:20]1,[CH3:14][CH:13]=[CH:12][C:11](=[O:15])[NH:10][C:9]1=[CH:16][CH:18]=[C:19]2[O:20][C:2]([CH3:1])([CH3:3])[CH2:4][C:5](=[O:6])[C:7]2=[CH:8]1,"[12, 11, 13, 14, 15, 16, 17, 18, 6, 5, 3, 2, 1, 0, 4, 7, -1, 8, 9, 10]","[2, 5, 1, 1, 5, 5, 1, 2, 1, 1, 1, 1, 1, 1, 5, 1, 1, 1, 1]",B20R2.10416673,C<sub>15</sub>H<sub>17</sub>NO<sub>3</sub>,259.301,6,0.21333333333333335,0.256,2,20,1,0,1,0,0,0,4,4,0,0,2,Z2087181009:x0771_1AS2-D68EV3CPROA-x1604_0A,CC=CC(=O)NC1=CC=C2OC(C)(C)CC(=O)C2=C1,409,CC1(C)OC(=O)c2cc(OC3=CNCC3)c(O)cc2O1,REAL-Database-22Q1.smi.anon,x0771_1AS2-D68EV3CPROA-x1604_0A,"[<rdkit.Chem.rdchem.Mol object at 0x167ff8680>, <rdkit.Chem.rdchem.Mol object at 0x167ff86d0>]","['x0771_1AS2', 'D68EV3CPROA-x1604_0A']",<rdkit.Chem.rdchem.Mol object at 0x1684f0d10>,<rdkit.Chem.rdchem.Mol object at 0x1684f1a80>,"{'x0771_1AS2': {0: 2, 1: 0, 2: 4, 3: 3, 4: 1}, 'D68EV3CPROA-x1604_0A': {0: 12, 1: 14, 2: 11, 3: 13, 4: 15, 5: 17, 6: 18, 7: 6, 8: 7, 9: 8, 10: 9, 11: 16, 12: -1, 13: 10, 14: 5}}"
10701,Z3626876092,O=C(CCCCCF)NC1=NC(C2=CC=CN=C2)=C(C3=CC=NC=C3)S1 Z3626876092,CCCOCCS(=O)=NCCN(C(=O)c1ccncc1)c2cc(F)ccc2C,[CH3:1][CH2:2][CH2:3][O:4][CH2:5][CH2:6][SH:7](=[O:8])=[N:9][CH2:10][CH2:11][N:12]([C:13](=[O:14])[C:15]1=[CH:16][CH:17]=[N:18][CH:19]=[CH:20]1)[C:21]2=[CH:22][C:23](F)=[CH:25][CH:26]=[C:27]2C,[O:8]=[C:7]([CH2:6][CH2:5][CH2:4][CH2:3][CH2:2][F:1])[NH:9][C:10]1=[N:11][C:12]([C:21]2=[CH:22][CH:23]=[CH:25][N:26]=[CH:27]2)=[C:13]([C:15]3=[CH:16][CH:17]=[N:18][CH:19]=[CH:20]3)[S:14]1,"[7, 6, 5, 4, 3, 2, 1, 0, 8, 9, 10, 11, 18, 25, 19, 20, 21, 22, 23, 24, 12, 13, 14, -1, 15, 16, 17, -1]","[1, 5, 1, 1, 5, 1, 1, 5, 3, 3, 5, 5, 1, 1, 2, 1, 5, 2, 1, 1, 1, 1, 1, 1, 1, 4]",B28R3.2512192,C<sub>19</sub>H<sub>19</sub>FN<sub>4</sub>OS,370.446,12,0.17894736842105263,0.18429003021148035,3,27,2,0,0,1,0,0,7,6,1,2,2,Z3626876092:x1919_0AS6-D68EV3CPROA-x0980_0B,O=C(CCCCCF)NC1=NC(C2=CC=CN=C2)=C(C3=CC=NC=C3)S1,288,CCCOCC[SH](=O)=NCCN(C(=O)c1ccncc1)c1cc(F)ccc1C,REAL-Database-22Q1.smi.anon,x1919_0AS6-D68EV3CPROA-x0980_0B,"[<rdkit.Chem.rdchem.Mol object at 0x167fefdd0>, <rdkit.Chem.rdchem.Mol object at 0x163c6fe20>]","['x1919_0AS6', 'D68EV3CPROA-x0980_0B']",<rdkit.Chem.rdchem.Mol object at 0x16800a8e0>,<rdkit.Chem.rdchem.Mol object at 0x1684af650>,"{'x1919_0AS6': {0: 1, 1: 0, 2: 8, 3: 2, 4: 3, 5: 4, 6: 5, 7: 6, 8: 7}, 'D68EV3CPROA-x0980_0B': {0: 11, 1: -1, 2: 25, 3: 17, 4: 23, 5: 21, 6: 20, 7: 16, 8: 15, 9: 14, 10: 13, 11: 12, 12: 18, 13: 19, 14: 24, 15: -1, 16: 22}}"
6920,Z2096696784,COC1CN(S(=O)(=O)NCCCC2=CC=C(O)C=C2)C1 Z2096696784,CNS(=O)(=NCCCc1ccc(F)cc1)N(C)CCOC,C[NH:2][S:3](=[O:4])(=[N:5][CH2:6][CH2:7][CH2:8][C:9]1=[CH:10][CH:11]=[C:12]([F:13])[CH:14]=[CH:15]1)[N:16]([CH3:17])[CH2:18][CH2:19][O:20][CH3:21],[CH3:21][O:20][CH:19]1[CH2:18][N:16]([S:3](=[O:2])(=[O:4])[NH:5][CH2:6][CH2:7][CH2:8][C:9]2=[CH:10][CH:11]=[C:12]([OH:13])[CH:14]=[CH:15]2)[CH2:17]1,"[-1, 6, 5, 7, 8, 9, 10, 11, 12, 13, 14, 15, 16, 17, 18, 4, 19, 3, 2, 1, 0]","[1, 1, 2, 1, 1, 1, 5, 1, 3, 1, 1, 1, 1, 1, 1, 1, 5, 1, 1, 2]",B21R2.1290939,C<sub>13</sub>H<sub>20</sub>N<sub>2</sub>O<sub>4</sub>S,300.375,5,0.25,0.5416666666666666,2,20,1,0,0,1,0,0,2,2,0,1,2,Z2096696784:x2021_0AS7-D68EV3CPROA-x0980_0BS3,COC1CN(S(=O)(=O)NCCCC2=CC=C(O)C=C2)C1,203,CNS(=O)(=NCCCc1ccc(F)cc1)N(C)CCOC,REAL-Database-22Q1.smi.anon,x2021_0AS7-D68EV3CPROA-x0980_0BS3,"[<rdkit.Chem.rdchem.Mol object at 0x167fdbb50>, <rdkit.Chem.rdchem.Mol object at 0x167fe3bf0>]","['x2021_0AS7', 'D68EV3CPROA-x0980_0BS3']",<rdkit.Chem.rdchem.Mol object at 0x1680090d0>,<rdkit.Chem.rdchem.Mol object at 0x1684add50>,"{'x2021_0AS7': {0: -1, 1: 6, 2: 5, 3: 8, 4: 7, 5: 4, 6: 3, 7: 19, 8: 2, 9: 1, 10: 0}, 'D68EV3CPROA-x0980_0BS3': {0: 13, 1: 14, 2: 12, 3: 15, 4: 11, 5: 18, 6: 17, 7: 16}}"
18455,Z2364723881,C1=CC2=NN=C(OCCC3CCOCC3)N2C=C1 Z2364723881,CC1CCCC(OCNc2nnc3ccccn23)N1,C[CH:2]1[CH2:3][CH2:4][CH2:5][CH:6]([O:7][CH2:8][NH:9][C:10]2=[N:11][N:12]=[C:13]3[CH:14]=[CH:15][CH:16]=[CH:17][N:18]23)[NH:19]1,[CH:15]1=[CH:14][C:13]2=[N:12][N:11]=[C:10]([O:9][CH2:8][CH2:7][CH:6]3[CH2:5][CH2:4][O:3][CH2:2][CH2:19]3)[N:18]2[CH:17]=[CH:16]1,"[-1, 13, 12, 11, 10, 9, 8, 7, 6, 5, 4, 3, 2, 1, 0, 17, 16, 15, 14]","[1, 1, 1, 1, 1, 1, 5, 1, 5, 1, 1, 1, 5, 2, 5, 1, 1, 1]",B20R3.157085,C<sub>13</sub>H<sub>17</sub>N<sub>3</sub>O<sub>2</sub>,247.293,5,0.3508771929824561,0.3641025641025641,1,20,1,0,0,0,0,0,4,4,0,0,1,Z2364723881:x1329_0AS5-D68EV3CPROA-x1594_0A,C1=CC2=NN=C(OCCC3CCOCC3)N2C=C1,459,CC1CCCC(OCNc2nnc3ccccn23)N1,REAL-Database-22Q1.smi.anon,x1329_0AS5-D68EV3CPROA-x1594_0A,"[<rdkit.Chem.rdchem.Mol object at 0x167ffa4d0>, <rdkit.Chem.rdchem.Mol object at 0x167ffa520>]","['x1329_0AS5', 'D68EV3CPROA-x1594_0A']",<rdkit.Chem.rdchem.Mol object at 0x168009b70>,<rdkit.Chem.rdchem.Mol object at 0x16872a9d0>,"{'x1329_0AS5': {0: -1, 1: -1, 2: -1, 3: -1, 4: -1, 5: -1, 6: -1}, 'D68EV3CPROA-x1594_0A': {0: -1, 1: -1, 2: -1, 3: -1, 4: -1, 5: -1, 6: -1, 7: -1, 8: -1, 9: -1}}"
7289,PV-002837148503,CC(C)(NC(=O)C1=CC=C2OCOC2=C1)C(=O)NS(C)(=O)=O PV-002837148503,CC(NS(C)(=O)=O)C(O)(O)NCc1ccc2c(c1)OCO2,[CH3:1][CH:2]([NH:3][S:4]([CH3:5])(=[O:6])=[O:7])[C:8]([OH:9])([OH:10])[NH:11][CH2:12][C:13]1=[CH:14][CH:15]=[C:16]2[C:17](=[CH:18]1)[O:19][CH2:20][O:21]2,[CH3:9][C:8]([CH3:10])([NH:11][C:12](=O)[C:13]1=[CH:14][CH:15]=[C:16]2[O:21][CH2:20][O:19][C:17]2=[CH:18]1)[C:2](=[O:1])[NH:3][S:4]([CH3:5])(=[O:6])=[O:7],"[16, 15, 17, 18, 19, 20, 21, 1, 0, 2, 3, 4, 6, 7, 8, 9, 13, 14, 12, 11, 10]","[5, 1, 5, 1, 3, 6, 1, 1, 1, 1, 1, 1, 1, 1, 1, 3, 5, 1, 1, 1, 1, 1]",B23R2.32497754,C<sub>13</sub>H<sub>16</sub>N<sub>2</sub>O<sub>6</sub>S,328.343,6,0.36363636363636365,0.6971830985915493,1,22,0,1,0,0,0,0,3,3,0,2,0,PV-002837148503:x1071_0AS2-D68EV3CPROA-x1140_0A,CC(C)(NC(=O)C1=CC=C2OCOC2=C1)C(=O)NS(C)(=O)=O,211,CC(NS(C)(=O)=O)C(O)(O)NCc1ccc2c(c1)OCO2,REAL-Database-22Q1.smi.anon,x1071_0AS2-D68EV3CPROA-x1140_0A,"[<rdkit.Chem.rdchem.Mol object at 0x163ca49f0>, <rdkit.Chem.rdchem.Mol object at 0x167fec220>]","['x1071_0AS2', 'D68EV3CPROA-x1140_0A']",<rdkit.Chem.rdchem.Mol object at 0x168009350>,<rdkit.Chem.rdchem.Mol object at 0x1684ae0c0>,"{'x1071_0AS2': {0: 1, 1: 15, 2: 0, 3: 17, 4: 18, 5: 20, 6: 21, 7: 19}, 'D68EV3CPROA-x1140_0A': {0: 3, 2: 2, 3: 16, 4: 4, 5: 6, 6: 7, 7: 8, 8: 9, 9: 11, 10: 13, 11: 14, 13: 10, 14: 12}}"
14185,Z4393888750,CCC1=CC=C(CS(=O)(=O)NCCCC2=NN=CS2)C=C1 Z4393888750,CS(=O)(=NCCN(C=O)c1cnns1)Nc2ccc(CN)cc2,[CH3:1][S:2](=[O:3])(=[N:4][CH2:5][CH2:6][N:7](C=O)[C:10]1=[CH:11][N:12]=[N:13][S:14]1)[NH:15][C:16]2=[CH:17][CH:18]=[C:19]([CH2:20][NH2:21])[CH:22]=[CH:23]2,[CH3:21][CH2:20][C:19]1=[CH:18][CH:17]=[C:16]([CH2:15][S:2](=[O:1])(=[O:3])[NH:4][CH2:5][CH2:6][CH2:7][C:10]2=[N:11][N:12]=[CH:13][S:14]2)[CH:23]=[CH:22]1,"[8, 7, 9, 10, 11, 12, 13, -1, -1, 14, 15, 16, 17, 18, 6, 5, 4, 3, 2, 1, 0, 20, 19]","[5, 1, 1, 1, 1, 1, 5, 1, 5, 1, 3, 1, 1, 5, 1, 5, 1, 5, 1, 1, 1]",B22R2.4751,C<sub>14</sub>H<sub>19</sub>N<sub>3</sub>O<sub>2</sub>S<sub>2</sub>,325.452,9,0.18072289156626506,0.1853448275862069,2,22,2,0,0,0,0,0,6,6,0,1,0,Z4393888750:x1084_0A-D68EV3CPROA-x0789_0AS4,CCC1=CC=C(CS(=O)(=O)NCCCC2=NN=CS2)C=C1,364,CS(=O)(=NCCN(C=O)c1cnns1)Nc1ccc(CN)cc1,REAL-Database-22Q1.smi.anon,x1084_0A-D68EV3CPROA-x0789_0AS4,"[<rdkit.Chem.rdchem.Mol object at 0x167fe2de0>, <rdkit.Chem.rdchem.Mol object at 0x167fe2e30>]","['x1084_0A', 'D68EV3CPROA-x0789_0AS4']",<rdkit.Chem.rdchem.Mol object at 0x1684c8130>,<rdkit.Chem.rdchem.Mol object at 0x1684f0e50>,"{'x1084_0A': {0: 6, 1: 8, 2: 10, 3: 5, 4: 4, 5: 3, 6: 2, 7: 1, 8: 20, 9: 19, 10: 0, 11: 9, 12: 7}, 'D68EV3CPROA-x0789_0AS4': {0: -1, 1: 13, 2: -1, 3: 14, 4: 15, 5: 18, 6: 16, 7: 17}}"
16117,Z2290357569,COC(=O)CNC(=O)C1=CCC(C)CC1 Z2290357569,COC(=O)CNC(=O)N1CCC(C)CC1,[CH3:1][O:2][C:3](=[O:4])[CH2:5][NH:6][C:7](=[O:8])[N:9]1[CH2:10][CH2:11][CH:12]([CH3:13])[CH2:14][CH2:15]1,[CH3:1][O:2][C:3](=[O:4])[CH2:5][NH:6][C:7](=[O:8])[C:9]1=[CH:10][CH2:11][CH:12]([CH3:13])[CH2:14][CH2:15]1,"[0, 1, 2, 3, 4, 5, 6, 7, 8, 9, 10, 11, 12, 13, 14]","[1, 1, 1, 1, 1, 1, 1, 1, 5, 3, 1, 1, 1, 1, 1]",B15R1.223,C<sub>11</sub>H<sub>17</sub>NO<sub>3</sub>,211.258,2,0.4583333333333333,0.33636363636363636,0,15,0,0,0,0,0,0,1,1,0,1,0,Z2290357569:x1071_0AS1-D68EV3CPROA-x1052_1A,COC(=O)CNC(=O)C1=CCC(C)CC1,410,COC(=O)CNC(=O)N1CCC(C)CC1,REAL-Database-22Q1.smi.anon,x1071_0AS1-D68EV3CPROA-x1052_1A,"[<rdkit.Chem.rdchem.Mol object at 0x167ff8720>, <rdkit.Chem.rdchem.Mol object at 0x167ff8770>]","['x1071_0AS1', 'D68EV3CPROA-x1052_1A']",<rdkit.Chem.rdchem.Mol object at 0x1684c8d60>,<rdkit.Chem.rdchem.Mol object at 0x1684f1ad0>,"{'x1071_0AS1': {0: 8, 1: 9, 2: 14, 3: 10, 4: 13, 5: 11}, 'D68EV3CPROA-x1052_1A': {0: 5, 1: 0, 2: 1, 3: 2, 4: 4, 5: 6, 9: 12, 11: 3, 12: 7}}"
5698,Z3229452509,CN(C)S(=O)(=O)NCC1=CC=CC=C1N Z3229452509,CC(C)S(=O)(=O)NCc1ccccc1,[CH3:1][CH:2]([CH3:3])[S:4](=[O:5])(=[O:6])[NH:7][CH2:8][C:9]1=[CH:10][CH:11]=[CH:12][CH:13]=[CH:14]1,[CH3:1][N:2]([CH3:3])[S:4](=[O:5])(=[O:6])[NH:7][CH2:8][C:9]1=[CH:10][CH:11]=[CH:12][CH:13]=[C:14]1N,"[0, 1, 2, 3, 4, 5, 6, 7, 8, 9, 10, 11, 12, 13]","[1, 5, 1, 1, 1, 1, 1, 1, 1, 1, 1, 1, 1, 2, 6]",B15R1.2387,C<sub>9</sub>H<sub>15</sub>N<sub>3</sub>O<sub>2</sub>S,229.301,2,0.2826086956521739,0.4864864864864865,1,14,0,1,0,0,0,0,1,1,0,0,1,Z3229452509:x1919_0AS8-D68EV3CPROA-x1140_0AS5,CN(C)S(=O)(=O)NCC1=CC=CC=C1N,175,CC(C)S(=O)(=O)NCc1ccccc1,REAL-Database-22Q1.smi.anon,x1919_0AS8-D68EV3CPROA-x1140_0AS5,"[<rdkit.Chem.rdchem.Mol object at 0x167fe2750>, <rdkit.Chem.rdchem.Mol object at 0x167fe27f0>]","['x1919_0AS8', 'D68EV3CPROA-x1140_0AS5']",<rdkit.Chem.rdchem.Mol object at 0x168008810>,<rdkit.Chem.rdchem.Mol object at 0x167fed490>,"{'x1919_0AS8': {0: 3, 1: 1, 2: 4, 3: 5, 4: 0}, 'D68EV3CPROA-x1140_0AS5': {0: 6, 3: 2, 4: 7, 5: 8, 6: 9, 7: 10, 8: 11, 9: 12, 10: 13}}"
16036,Z1228534852,COC(=O)CCCS(=O)(=O)NCC1=CC=C(OC)C(Br)=C1 Z1228534852,COC(=O)CCCS(=O)(=O)NCc1ccc2c(c1)OCO2,[CH3:1][O:2][C:3](=[O:4])[CH2:5][CH2:6][CH2:7][S:8](=[O:9])(=[O:10])[NH:11][CH2:12][C:13]1=[CH:14][CH:15]=[C:16]2[C:17](=[CH:18]1)[O:19][CH2:20][O:21]2,[CH3:1][O:2][C:3](=[O:4])[CH2:5][CH2:6][CH2:7][S:8](=[O:9])(=[O:10])[NH:11][CH2:12][C:13]1=[CH:14][CH:15]=[C:16]([O:21][CH3:20])[C:17]([Br:19])=[CH:18]1,"[0, 1, 2, 3, 4, 5, 6, 7, 8, 9, 10, 11, 12, 13, 14, 15, 18, 20, 19, 17, 16]","[1, 1, 1, 1, 1, 1, 1, 1, 1, 1, 1, 1, 1, 1, 1, 1, 1, 2, 1, 5, 1]",B21R1.13189486,C<sub>13</sub>H<sub>18</sub>BrNO<sub>5</sub>S,380.256,2,0.7037037037037037,0.7112676056338029,1,21,0,0,1,0,0,0,1,1,0,0,1,Z1228534852:x1919_0AS2-D68EV3CPROA-x1052_1AS1,COC(=O)CCCS(=O)(=O)NCC1=CC=C(OC)C(Br)=C1,408,COC(=O)CCCS(=O)(=O)NCc1ccc2c(c1)OCO2,REAL-Database-22Q1.smi.anon,x1919_0AS2-D68EV3CPROA-x1052_1AS1,"[<rdkit.Chem.rdchem.Mol object at 0x167ff85e0>, <rdkit.Chem.rdchem.Mol object at 0x167ff8630>]","['x1919_0AS2', 'D68EV3CPROA-x1052_1AS1']",<rdkit.Chem.rdchem.Mol object at 0x1684c8c70>,<rdkit.Chem.rdchem.Mol object at 0x1684f1a30>,"{'x1919_0AS2': {0: 5, 1: 6, 2: 7, 3: 10, 4: 8, 5: 9, 6: 11, 7: 12, 8: 20, 9: 13, 10: 18, 11: 14, 12: 15, 13: 19, 14: 16, 15: 17}, 'D68EV3CPROA-x1052_1AS1': {1: 4, 2: 2, 3: 1, 4: 3, 5: 0}}"
9929,PV-005912373202,O=C(CO)N1CCC(C(=O)O)(C(=O)O)C1 PV-005912373202,CC(=O)N1CCC(C=O)(C(=O)O)C1,[CH3:1][C:2](=[O:3])[N:4]1[CH2:5][CH2:6][C:7]([CH:8]=[O:9])([C:10](=[O:11])[OH:12])[CH2:13]1,[O:3]=[C:2]([CH2:1]O)[N:4]1[CH2:5][CH2:6][C:7]([C:8](=[O:9])O)([C:10](=[O:11])[OH:12])[CH2:13]1,"[2, 1, 0, 4, 5, 6, 7, 8, 9, 11, 12, 13, 14]","[1, 1, 2, 6, 1, 1, 1, 1, 2, 1, 6, 1, 1, 1, 1]",B15R1.36495,C<sub>8</sub>H<sub>11</sub>NO<sub>6</sub>,217.176,2,0.34782608695652173,0.8301886792452831,2,13,0,2,0,0,0,0,0,0,0,0,2,PV-005912373202:x1332_1AS2-D68EV3CPROA-x0789_0AS4,O=C(CO)N1CCC(C(=O)O)(C(=O)O)C1,269,CC(=O)N1CCC(C=O)(C(=O)O)C1,REAL-Database-22Q1.smi.anon,x1332_1AS2-D68EV3CPROA-x0789_0AS4,"[<rdkit.Chem.rdchem.Mol object at 0x167fef240>, <rdkit.Chem.rdchem.Mol object at 0x167fcf290>]","['x1332_1AS2', 'D68EV3CPROA-x0789_0AS4']",<rdkit.Chem.rdchem.Mol object at 0x16800a430>,<rdkit.Chem.rdchem.Mol object at 0x1684af100>,"{'x1332_1AS2': {0: 6, 1: 7, 2: 5, 3: 11, 4: 14, 5: 4, 6: 12, 7: 13, 8: 1, 9: 2, 10: 0}, 'D68EV3CPROA-x0789_0AS4': {0: 8, 2: 9}}"
11330,Z4008880662,CC(C)(C)NCC(=O)N1CCC(N2CCC[C@H]2C(=O)O)CC1 Z4008880662,CS(=O)(=O)NCC(=O)N1CCC(ON2CCCC2C(N)=O)CC1,[CH3:1][S:2](=[O:3])(=[O:4])[NH:5][CH2:6][C:7](=[O:8])[N:9]1[CH2:10][CH2:11][CH:12](O[N:14]2[CH2:15][CH2:16][CH2:17][CH:18]2[C:19]([NH2:20])=[O:21])[CH2:22][CH2:23]1,[CH3:1][C:2]([CH3:3])([CH3:4])[NH:5][CH2:6][C:7](=[O:8])[N:9]1[CH2:10][CH2:11][CH:12]([N:14]2[CH2:15][CH2:16][CH2:17][C@H:18]2[C:19](=[O:21])[OH:20])[CH2:22][CH2:23]1,"[0, 1, 2, 3, 4, 5, 6, 7, 8, 9, 10, 11, -1, 12, 13, 14, 15, 16, 17, 19, 18, 20, 21]","[1, 5, 5, 5, 1, 1, 1, 1, 1, 1, 1, 1, 1, 1, 1, 1, 1, 1, 1, 5, 1, 1]",B23R2.700812,C<sub>16</sub>H<sub>29</sub>N<sub>3</sub>O<sub>3</sub>,311.420,5,0.3088235294117647,0.33076923076923076,1,23,0,0,0,0,1,0,4,4,0,0,0,Z4008880662:x1071_0A-D68EV3CPROA-x1247_0AS4,CC(C)(C)NCC(=O)N1CCC(N2CCC[C@H]2C(=O)O)CC1,303,CS(=O)(=O)NCC(=O)N1CCC(ON2CCCC2C(N)=O)CC1,REAL-Database-22Q1.smi.anon,x1071_0A-D68EV3CPROA-x1247_0AS4,"[<rdkit.Chem.rdchem.Mol object at 0x167fe0770>, <rdkit.Chem.rdchem.Mol object at 0x167fe07c0>]","['x1071_0A', 'D68EV3CPROA-x1247_0AS4']",<rdkit.Chem.rdchem.Mol object at 0x16800ad90>,<rdkit.Chem.rdchem.Mol object at 0x1684afb00>,"{'x1071_0A': {0: 4, 1: 0, 2: 3, 3: 5, 4: 6, 5: 9, 6: 10, 7: 11, 8: 20, 9: 21, 10: 8, 11: 2, 12: 7, 13: 1}, 'D68EV3CPROA-x1247_0AS4': {0: 19, 1: 17, 2: 18, 3: 16, 4: 15, 5: 12, 6: 14, 7: 13}}"
16101,Z2062274753,CC1(C)CCC2=CC(OC3CCOC3)=CC=C2O1 Z2062274753,CC1(C)OC(=O)c2cc(OC3=CNCC3)c(O)cc2O1,[CH3:1][C:2]1([CH3:3])[O:4][C:5](=O)[C:7]2=[CH:8][C:9]([O:10][C:11]3=[CH:12][NH:13][CH2:14][CH2:15]3)=[C:16](O)[CH:18]=[C:19]2[O:20]1,[CH3:1][C:2]1([CH3:3])[CH2:4][CH2:5][C:7]2=[CH:8][C:9]([O:10][CH:11]3[CH2:15][CH2:14][O:13][CH2:12]3)=[CH:16][CH:18]=[C:19]2[O:20]1,"[0, 1, 2, 3, 4, -1, 5, 6, 7, 8, 9, 13, 12, 11, 10, 14, -1, 15, 16, 17]","[1, 1, 1, 5, 3, 1, 1, 1, 1, 3, 1, 1, 5, 3, 2, 1, 1, 1]",B20R3.1579706,C<sub>15</sub>H<sub>20</sub>O<sub>3</sub>,248.318,7,0.13157894736842105,0.2648401826484018,2,20,2,0,0,0,0,0,2,2,0,3,1,Z2062274753:x0771_1AS2-D68EV3CPROA-x1604_0A,CC1(C)CCC2=CC(OC3CCOC3)=CC=C2O1,409,CC1(C)OC(=O)c2cc(OC3=CNCC3)c(O)cc2O1,REAL-Database-22Q1.smi.anon,x0771_1AS2-D68EV3CPROA-x1604_0A,"[<rdkit.Chem.rdchem.Mol object at 0x167ff8680>, <rdkit.Chem.rdchem.Mol object at 0x167ff86d0>]","['x0771_1AS2', 'D68EV3CPROA-x1604_0A']",<rdkit.Chem.rdchem.Mol object at 0x1684f0d10>,<rdkit.Chem.rdchem.Mol object at 0x1684f1a80>,"{'x0771_1AS2': {0: 13, 1: 11, 2: 10, 3: 9, 4: 12}, 'D68EV3CPROA-x1604_0A': {0: 0, 1: 3, 2: 1, 3: 2, 4: 4, 5: 5, 6: 6, 7: 7, 8: 14, 9: 15, 10: 16, 11: -1, 12: -1, 13: 17, 14: 8}}"
10,Z2066932790,FCCCCSC1=NN=C(C2=CC=CC=C2)N1CC3=CC=C4OCOC4=C3 Z2066932790,CCCOCCS(=O)(=NCCc1ccc(O)nc1)NCc2ccc3c(c2)OCO3,[CH3:1][CH2:2][CH2:3][O:4][CH2:5][CH2:6][S:7](=O)(=[N:9][CH2:10][CH2:11][C:12]1=[CH:13][CH:14]=[C:15](O)[N:17]=[CH:18]1)[NH:19][CH2:20][C:21]2=[CH:22][CH:23]=[C:24]3[C:25](=[CH:26]2)[O:27][CH2:28][O:29]3,[F:1][CH2:2][CH2:3][CH2:4][CH2:5][S:6][C:7]1=[N:9][N:10]=[C:11]([C:12]2=[CH:13][CH:14]=[CH:15][CH:17]=[CH:18]2)[N:19]1[CH2:20][C:21]3=[CH:22][CH:23]=[C:24]4[O:29][CH2:28][O:27][C:25]4=[CH:26]3,"[0, 1, 2, 3, 4, 5, 6, -1, 7, 8, 9, 10, 11, 12, 13, -1, 14, 15, 16, 17, 18, 19, 20, 21, 25, 26, 24, 23, 22]","[5, 1, 1, 5, 1, 5, 5, 1, 5, 3, 1, 1, 1, 2, 5, 1, 2, 1, 1, 1, 1, 1, 1, 1, 1, 1, 1]",B30R4.40516155,C<sub>20</sub>H<sub>20</sub>FN<sub>3</sub>O<sub>2</sub>S,385.457,10,0.2,0.26047904191616766,3,29,2,0,0,1,0,0,6,6,0,1,2,Z2066932790:x1919_0A-D68EV3CPROA-x1498_0A,FCCCCSC1=NN=C(C2=CC=CC=C2)N1CC3=CC=C4OCOC4=C3,9,CCCOCCS(=O)(=NCCc1ccc(O)nc1)NCc1ccc2c(c1)OCO2,REAL-Database-22Q1.smi.anon,x1919_0A-D68EV3CPROA-x1498_0A,"[<rdkit.Chem.rdchem.Mol object at 0x167fcecf0>, <rdkit.Chem.rdchem.Mol object at 0x163ca6d40>]","['x1919_0A', 'D68EV3CPROA-x1498_0A']",<rdkit.Chem.rdchem.Mol object at 0x167feda80>,<rdkit.Chem.rdchem.Mol object at 0x1684ca7a0>,"{'x1919_0A': {0: 16, 1: 0, 2: 3, 3: 1, 4: 25, 5: 26, 6: 23, 7: 2, 8: 4, 9: 5, 10: 17, 11: 18, 12: 19, 13: 20, 14: 21, 15: 7, 16: -1, 17: 24, 18: 22, 19: 6}, 'D68EV3CPROA-x1498_0A': {0: 14, 1: 13, 2: -1, 3: 12, 4: 11, 5: 10, 6: 15}}"
17711,Z5532161840,O=C([C@@H]1CCC[C@H]1CF)N(CCCN2CCOCC2)CC3=CC=CS3 Z5532161840,CC1CCOC1C(=O)N(CCCN2CCCCC2)c3cnns3,[CH3:1][CH:2]1[CH2:3][CH2:4][O:5][CH:6]1[C:7](=[O:8])[N:9]([CH2:10][CH2:11][CH2:12][N:13]2[CH2:14][CH2:15][CH2:16][CH2:17][CH2:18]2)[C:19]3=[CH:20][N:21]=[N:22][S:23]3,[O:8]=[C:7]([C@@H:6]1[CH2:5][CH2:4][CH2:3][C@H:2]1[CH2:1]F)[N:9]([CH2:10][CH2:11][CH2:12][N:13]2[CH2:14][CH2:15][O:16][CH2:17][CH2:18]2)C[C:19]3=[CH:20][CH:21]=[CH:22][S:23]3,"[7, 6, 5, 4, 3, 2, 1, 0, 9, 10, 11, 12, 13, 14, 15, 16, 17, 18, 20, 21, 22, 23, 24]","[1, 1, 1, 5, 1, 1, 1, 2, 6, 1, 1, 1, 1, 1, 1, 1, 5, 1, 1, 6, 1, 1, 5, 5, 1]",B27R3.3668401,C<sub>19</sub>H<sub>29</sub>FN<sub>2</sub>O<sub>2</sub>S,368.511,6,0.25675675675675674,0.32367149758454106,2,25,0,1,0,0,0,1,4,4,0,0,1,Z5532161840:x1071_0AS1-D68EV3CPROA-x0789_0A,O=C([C@@H]1CCC[C@H]1CF)N(CCCN2CCOCC2)CC3=CC=CS3,443,CC1CCOC1C(=O)N(CCCN1CCCCC1)c1cnns1,REAL-Database-22Q1.smi.anon,x1071_0AS1-D68EV3CPROA-x0789_0A,"[<rdkit.Chem.rdchem.Mol object at 0x167ff9c10>, <rdkit.Chem.rdchem.Mol object at 0x167ff9c60>]","['x1071_0AS1', 'D68EV3CPROA-x0789_0A']",<rdkit.Chem.rdchem.Mol object at 0x1680096c0>,<rdkit.Chem.rdchem.Mol object at 0x1684ca520>,"{'x1071_0AS1': {0: 13, 1: 14, 2: 18, 3: 15, 4: 17, 5: 16}, 'D68EV3CPROA-x0789_0A': {0: 9, 1: 7, 2: 3, 3: 6, 4: 5, 5: 4, 6: 2, 7: 1, 8: 20, 9: 21, 10: 22, 11: 23, 12: 0, 13: 24}}"
18815,Z1665867830,CC(CNC1=CN=CC=C1C(N)=O)S(N)(=O)=O Z1665867830,CS(N)(=O)=NCCc1cnccc1C(N)=O,[CH3:1][S:2]([NH2:3])(=[O:4])=[N:5][CH2:6][CH2:7][C:8]1=[CH:9][N:10]=[CH:11][CH:12]=[C:13]1[C:14]([NH2:15])=[O:16],C[CH:5]([CH2:6][NH:7][C:8]1=[CH:9][N:10]=[CH:11][CH:12]=[C:13]1[C:14]([NH2:15])=[O:16])[S:2]([NH2:3])(=[O:1])=[O:4],"[15, 13, 14, 16, 1, 2, 3, 4, 5, 6, 7, 8, 9, 10, 11, 12]","[6, 5, 1, 5, 1, 1, 1, 1, 1, 1, 1, 1, 1, 1, 1, 5, 1]",B17R1.12029,C<sub>9</sub>H<sub>14</sub>N<sub>4</sub>O<sub>3</sub>S,258.299,4,0.4166666666666667,0.3081395348837209,1,16,0,1,0,0,0,0,3,3,0,0,0,Z1665867830:x1084_0AS3-D68EV3CPROA-x0980_0BS4,CC(CNC1=CN=CC=C1C(N)=O)S(N)(=O)=O,467,CS(N)(=O)=NCCc1cnccc1C(N)=O,REAL-Database-22Q1.smi.anon,x1084_0AS3-D68EV3CPROA-x0980_0BS4,"[<rdkit.Chem.rdchem.Mol object at 0x167ffa9d0>, <rdkit.Chem.rdchem.Mol object at 0x167ffaa20>]","['x1084_0AS3', 'D68EV3CPROA-x0980_0BS4']",<rdkit.Chem.rdchem.Mol object at 0x1684f1da0>,<rdkit.Chem.rdchem.Mol object at 0x1684cac00>,"{'x1084_0AS3': {0: 14, 1: 13, 2: 16, 3: 1, 4: 15}, 'D68EV3CPROA-x0980_0BS4': {0: 11, 1: 10, 2: 12, 3: 9, 4: 8, 5: 4, 6: 7, 7: 5, 8: 6}}"
482,PV-004594633879,CC(=O)NC[C@@H](NC(=O)CC1=CNN=C1C)C2CCCCC2 PV-004594633879,Cc1nnnn1CC/N=C(/CNS(C)(=O)=O)\N2CCCCC2,[CH3:1][C:2]1=[N:3][N:4]=[N:5][N:6]1[CH2:7][CH2:8]/[N:9]=[C:10](/[CH2:11][NH:12][S:13]([CH3:14])(=[O:15])=O)\[N:17]2[CH2:18][CH2:19][CH2:20][CH2:21][CH2:22]2,[CH3:14][C:13](=[O:15])[NH:12][CH2:11][C@@H:10]([NH:9][C:8](=O)[CH2:7][C:6]1=[CH:5][NH:4][N:3]=[C:2]1[CH3:1])[CH:17]2[CH2:18][CH2:19][CH2:20][CH2:21][CH2:22]2,"[15, 14, 13, 12, 11, 10, 9, 7, 6, 5, 4, 3, 1, 0, 2, -1, 16, 17, 18, 19, 20, 21]","[1, 5, 1, 1, 1, 3, 3, 3, 6, 1, 5, 5, 3, 1, 1, 1, 5, 1, 1, 1, 1, 1]",B23R2.6091114,C<sub>16</sub>H<sub>26</sub>N<sub>4</sub>O<sub>2</sub>,306.404,10,0.11538461538461539,0.18,2,22,1,1,0,0,0,0,4,4,0,4,0,PV-004594633879:x1071_0A-D68EV3CPROA-x1537_0A,CC(=O)NC[C@@H](NC(=O)CC1=CNN=C1C)C2CCCCC2,28,Cc1nnnn1CC/N=C(/CNS(C)(=O)=O)N1CCCCC1,REAL-Database-22Q1.smi.anon,x1071_0A-D68EV3CPROA-x1537_0A,"[<rdkit.Chem.rdchem.Mol object at 0x163c6fb00>, <rdkit.Chem.rdchem.Mol object at 0x167fcfba0>]","['x1071_0A', 'D68EV3CPROA-x1537_0A']",<rdkit.Chem.rdchem.Mol object at 0x1684ae110>,<rdkit.Chem.rdchem.Mol object at 0x16800aca0>,"{'x1071_0A': {0: 3, 1: 0, 2: -1, 3: 4, 4: 5, 5: 17, 6: 18, 7: 19, 8: 20, 9: 21, 10: 16, 11: 2, 12: 6, 13: 1}, 'D68EV3CPROA-x1537_0A': {0: 10, 1: 15, 2: 14, 3: 11, 4: 12, 5: 13}}"
